location,country
Argentina-Buenos_Aires,Argentina
Argentina-CABA,Argentina
Argentina-Cordoba,Argentina
Argentina-Entre_Rios,Argentina
Argentina-Santa_Fe,Argentina
Argentina-Chaco,Argentina
Argentina-Corrientes,Argentina
Argentina-Formosa,Argentina
Argentina-Misiones,Argentina
Argentina-Catamarca,Argentina
Argentina-Jujuy,Argentina
Argentina-Salta,Argentina
Argentina-Sgo_Del_Estero,Argentina
Argentina-Tucuman,Argentina
Argentina-La_Rioja,Argentina
Argentina-San_Luis,Argentina
Argentina-Mendoza,Argentina
Argentina-San_Juan,Argentina
Argentina-Chubut,Argentina
Argentina-La_Pampa,Argentina
Argentina-Rio_Negro,Argentina
Argentina-Santa_Cruz,Argentina
Argentina-Neuquen,Argentina
Argentina-Tierra_del_Fuego,Argentina
Brazil-Alagoas,Brazil
Brazil-Bahia,Brazil
Brazil-Ceara,Brazil
Brazil-Maranhao,Brazil
Brazil-Paraiba,Brazil
Brazil-Pernambuco,Brazil
Brazil-Piaui,Brazil
Brazil-Rio_Grande_do_Norte,Brazil
Brazil-Sergipe,Brazil
Brazil-Espirito_Santo,Brazil
Brazil-Minas_Gerais,Brazil
Brazil-Rio_de_Janeiro,Brazil
Brazil-Sao_Paulo,Brazil
Brazil-Acre,Brazil
Brazil-Amapa,Brazil
Brazil-Amazonas,Brazil
Brazil-Para,Brazil
Brazil-Rondonia,Brazil
Brazil-Roraima,Brazil
Brazil-Tocantins,Brazil
Brazil-Distrito_Federal,Brazil
Brazil-Goias,Brazil
Brazil-Mato_Grosso,Brazil
Brazil-Mato_Grosso_do_Sul,Brazil
Brazil-Parana,Brazil
Brazil-Santa_Catarina,Brazil
Brazil-Rio_Grande_do_Sul,Brazil
Colombia-Antioquia-Medellin,Colombia
Colombia-Antioquia-Abejorral,Colombia
Colombia-Antioquia-Abriaqui,Colombia
Colombia-Antioquia-Alejandria,Colombia
Colombia-Antioquia-Amaga,Colombia
Colombia-Antioquia-Amalfi,Colombia
Colombia-Antioquia-Andes,Colombia
Colombia-Antioquia-Angelopolis,Colombia
Colombia-Antioquia-Angostura,Colombia
Colombia-Antioquia-Anori,Colombia
Colombia-Antioquia-Santafe_De_Antioquia,Colombia
Colombia-Antioquia-Anza,Colombia
Colombia-Antioquia-Apartado,Colombia
Colombia-Antioquia-Arboletes,Colombia
Colombia-Antioquia-Argelia,Colombia
Colombia-Antioquia-Armenia,Colombia
Colombia-Antioquia-Barbosa,Colombia
Colombia-Antioquia-Belmira,Colombia
Colombia-Antioquia-Bello,Colombia
Colombia-Antioquia-Betania,Colombia
Colombia-Antioquia-Betulia,Colombia
Colombia-Antioquia-Ciudad_Bolivar,Colombia
Colombia-Antioquia-Briceno,Colombia
Colombia-Antioquia-Buritica,Colombia
Colombia-Antioquia-Caceres,Colombia
Colombia-Antioquia-Caicedo,Colombia
Colombia-Antioquia-Caldas,Colombia
Colombia-Antioquia-Campamento,Colombia
Colombia-Antioquia-Canasgordas,Colombia
Colombia-Antioquia-Caracoli,Colombia
Colombia-Antioquia-Caramanta,Colombia
Colombia-Antioquia-Carepa,Colombia
Colombia-Antioquia-El_Carmen_De_Viboral,Colombia
Colombia-Antioquia-Carolina,Colombia
Colombia-Antioquia-Caucasia,Colombia
Colombia-Antioquia-Chigorodo,Colombia
Colombia-Antioquia-Cisneros,Colombia
Colombia-Antioquia-Cocorna,Colombia
Colombia-Antioquia-Concepcion,Colombia
Colombia-Antioquia-Concordia,Colombia
Colombia-Antioquia-Copacabana,Colombia
Colombia-Antioquia-Dabeiba,Colombia
Colombia-Antioquia-Don_Matias,Colombia
Colombia-Antioquia-Ebejico,Colombia
Colombia-Antioquia-El_Bagre,Colombia
Colombia-Antioquia-Entrerrios,Colombia
Colombia-Antioquia-Envigado,Colombia
Colombia-Antioquia-Fredonia,Colombia
Colombia-Antioquia-Frontino,Colombia
Colombia-Antioquia-Giraldo,Colombia
Colombia-Antioquia-Girardota,Colombia
Colombia-Antioquia-Gomez_Plata,Colombia
Colombia-Antioquia-Granada,Colombia
Colombia-Antioquia-Guadalupe,Colombia
Colombia-Antioquia-Guarne,Colombia
Colombia-Antioquia-Guatape,Colombia
Colombia-Antioquia-Heliconia,Colombia
Colombia-Antioquia-Hispania,Colombia
Colombia-Antioquia-Itagui,Colombia
Colombia-Antioquia-Ituango,Colombia
Colombia-Antioquia-Jardin,Colombia
Colombia-Antioquia-Jerico,Colombia
Colombia-Antioquia-La_Ceja,Colombia
Colombia-Antioquia-La_Estrella,Colombia
Colombia-Antioquia-La_Pintada,Colombia
Colombia-Antioquia-La_Union,Colombia
Colombia-Antioquia-Liborina,Colombia
Colombia-Antioquia-Maceo,Colombia
Colombia-Antioquia-Marinilla,Colombia
Colombia-Antioquia-Montebello,Colombia
Colombia-Antioquia-Murindo,Colombia
Colombia-Antioquia-Mutata,Colombia
Colombia-Antioquia-Narino,Colombia
Colombia-Antioquia-Necocli,Colombia
Colombia-Antioquia-Nechi,Colombia
Colombia-Antioquia-Olaya,Colombia
Colombia-Antioquia-Peque,Colombia
Colombia-Antioquia-Pueblorrico,Colombia
Colombia-Antioquia-Puerto_Berrio,Colombia
Colombia-Antioquia-Puerto_Nare,Colombia
Colombia-Antioquia-Puerto_Triunfo,Colombia
Colombia-Antioquia-Remedios,Colombia
Colombia-Antioquia-Retiro,Colombia
Colombia-Antioquia-Rionegro,Colombia
Colombia-Antioquia-Sabanalarga,Colombia
Colombia-Antioquia-Sabaneta,Colombia
Colombia-Antioquia-Salgar,Colombia
Colombia-Antioquia-San_Andres_De_Cuerquia,Colombia
Colombia-Antioquia-San_Carlos,Colombia
Colombia-Antioquia-San_Francisco,Colombia
Colombia-Antioquia-San_Jeronimo,Colombia
Colombia-Antioquia-San_Jose_De_La_Montana,Colombia
Colombia-Antioquia-San_Juan_De_Uraba,Colombia
Colombia-Antioquia-San_Luis,Colombia
Colombia-Antioquia-San_Pedro,Colombia
Colombia-Antioquia-San_Pedro_De_Uraba,Colombia
Colombia-Antioquia-San_Rafael,Colombia
Colombia-Antioquia-San_Roque,Colombia
Colombia-Antioquia-San_Vicente,Colombia
Colombia-Antioquia-Santa_Barbara,Colombia
Colombia-Antioquia-Santa_Rosa_De_Osos,Colombia
Colombia-Antioquia-Santo_Domingo,Colombia
Colombia-Antioquia-El_Santuario,Colombia
Colombia-Antioquia-Segovia,Colombia
Colombia-Antioquia-Sonson,Colombia
Colombia-Antioquia-Sopetran,Colombia
Colombia-Antioquia-Tamesis,Colombia
Colombia-Antioquia-Taraza,Colombia
Colombia-Antioquia-Tarso,Colombia
Colombia-Antioquia-Titiribi,Colombia
Colombia-Antioquia-Toledo,Colombia
Colombia-Antioquia-Turbo,Colombia
Colombia-Antioquia-Uramita,Colombia
Colombia-Antioquia-Urrao,Colombia
Colombia-Antioquia-Valdivia,Colombia
Colombia-Antioquia-Valparaiso,Colombia
Colombia-Antioquia-Vegachi,Colombia
Colombia-Antioquia-Venecia,Colombia
Colombia-Antioquia-Vigia_Del_Fuerte,Colombia
Colombia-Antioquia-Yali,Colombia
Colombia-Antioquia-Yarumal,Colombia
Colombia-Antioquia-Yolombo,Colombia
Colombia-Antioquia-Yondo,Colombia
Colombia-Antioquia-Zaragoza,Colombia
Colombia-Barranquilla-Barranquilla,Colombia
Colombia-Atlantico-Baranoa,Colombia
Colombia-Atlantico-Campo_De_La_Cruz,Colombia
Colombia-Atlantico-Candelaria,Colombia
Colombia-Atlantico-Galapa,Colombia
Colombia-Atlantico-Juan_De_Acosta,Colombia
Colombia-Atlantico-Luruaco,Colombia
Colombia-Atlantico-Malambo,Colombia
Colombia-Atlantico-Manati,Colombia
Colombia-Atlantico-Palmar_De_Varela,Colombia
Colombia-Atlantico-Piojo,Colombia
Colombia-Atlantico-Polonuevo,Colombia
Colombia-Atlantico-Ponedera,Colombia
Colombia-Atlantico-Puerto_Colombia,Colombia
Colombia-Atlantico-Repelon,Colombia
Colombia-Atlantico-Sabanagrande,Colombia
Colombia-Atlantico-Sabanalarga,Colombia
Colombia-Atlantico-Santa_Lucia,Colombia
Colombia-Atlantico-Santo_Tomas,Colombia
Colombia-Atlantico-Soledad,Colombia
Colombia-Atlantico-Suan,Colombia
Colombia-Atlantico-Tubara,Colombia
Colombia-Atlantico-Usiacuri,Colombia
Colombia-Cartagena-Cartagena,Colombia
Colombia-Bolivar-Achi,Colombia
Colombia-Bolivar-Altos_Del_Rosario,Colombia
Colombia-Bolivar-Arenal,Colombia
Colombia-Bolivar-Arjona,Colombia
Colombia-Bolivar-Arroyohondo,Colombia
Colombia-Bolivar-Barranco_De_Loba,Colombia
Colombia-Bolivar-Calamar,Colombia
Colombia-Bolivar-Cantagallo,Colombia
Colombia-Bolivar-Cicuco,Colombia
Colombia-Bolivar-Cordoba,Colombia
Colombia-Bolivar-Clemencia,Colombia
Colombia-Bolivar-El_Carmen_De_Bolivar,Colombia
Colombia-Bolivar-El_Guamo,Colombia
Colombia-Bolivar-El_Penon,Colombia
Colombia-Bolivar-Hatillo_De_Loba,Colombia
Colombia-Bolivar-Magangue,Colombia
Colombia-Bolivar-Mahates,Colombia
Colombia-Bolivar-Margarita,Colombia
Colombia-Bolivar-Maria_La_Baja,Colombia
Colombia-Bolivar-Montecristo,Colombia
Colombia-Bolivar-Mompos,Colombia
Colombia-Bolivar-Norosi,Colombia
Colombia-Bolivar-Morales,Colombia
Colombia-Bolivar-Pinillos,Colombia
Colombia-Bolivar-Regidor,Colombia
Colombia-Bolivar-Rio_Viejo,Colombia
Colombia-Bolivar-San_Cristobal,Colombia
Colombia-Bolivar-San_Estanislao,Colombia
Colombia-Bolivar-San_Fernando,Colombia
Colombia-Bolivar-San_Jacinto,Colombia
Colombia-Bolivar-San_Jacinto_Del_Cauca,Colombia
Colombia-Bolivar-San_Juan_Nepomuceno,Colombia
Colombia-Bolivar-San_Martin_De_Loba,Colombia
Colombia-Bolivar-San_Pablo,Colombia
Colombia-Bolivar-Santa_Catalina,Colombia
Colombia-Bolivar-Santa_Rosa,Colombia
Colombia-Bolivar-Santa_Rosa_Del_Sur,Colombia
Colombia-Bolivar-Simiti,Colombia
Colombia-Bolivar-Soplaviento,Colombia
Colombia-Bolivar-Talaigua_Nuevo,Colombia
Colombia-Bolivar-Tiquisio,Colombia
Colombia-Bolivar-Turbaco,Colombia
Colombia-Bolivar-Turbana,Colombia
Colombia-Bolivar-Villanueva,Colombia
Colombia-Bolivar-Zambrano,Colombia
Colombia-Boyaca-Tunja,Colombia
Colombia-Boyaca-Almeida,Colombia
Colombia-Boyaca-Aquitania,Colombia
Colombia-Boyaca-Arcabuco,Colombia
Colombia-Boyaca-Belen,Colombia
Colombia-Boyaca-Berbeo,Colombia
Colombia-Boyaca-Beteitiva,Colombia
Colombia-Boyaca-Boavita,Colombia
Colombia-Boyaca-Boyaca,Colombia
Colombia-Boyaca-Briceno,Colombia
Colombia-Boyaca-Buenavista,Colombia
Colombia-Boyaca-Busbanza,Colombia
Colombia-Boyaca-Caldas,Colombia
Colombia-Boyaca-Campohermoso,Colombia
Colombia-Boyaca-Cerinza,Colombia
Colombia-Boyaca-Chinavita,Colombia
Colombia-Boyaca-Chiquinquira,Colombia
Colombia-Boyaca-Chiscas,Colombia
Colombia-Boyaca-Chita,Colombia
Colombia-Boyaca-Chitaraque,Colombia
Colombia-Boyaca-Chivata,Colombia
Colombia-Boyaca-Cienega,Colombia
Colombia-Boyaca-Combita,Colombia
Colombia-Boyaca-Coper,Colombia
Colombia-Boyaca-Corrales,Colombia
Colombia-Boyaca-Covarachia,Colombia
Colombia-Boyaca-Cubara,Colombia
Colombia-Boyaca-Cucaita,Colombia
Colombia-Boyaca-Cuitiva,Colombia
Colombia-Boyaca-Chiquiza,Colombia
Colombia-Boyaca-Chivor,Colombia
Colombia-Boyaca-Duitama,Colombia
Colombia-Boyaca-El_Cocuy,Colombia
Colombia-Boyaca-El_Espino,Colombia
Colombia-Boyaca-Firavitoba,Colombia
Colombia-Boyaca-Floresta,Colombia
Colombia-Boyaca-Gachantiva,Colombia
Colombia-Boyaca-Gameza,Colombia
Colombia-Boyaca-Garagoa,Colombia
Colombia-Boyaca-Guacamayas,Colombia
Colombia-Boyaca-Guateque,Colombia
Colombia-Boyaca-Guayata,Colombia
Colombia-Boyaca-Guican,Colombia
Colombia-Boyaca-Iza,Colombia
Colombia-Boyaca-Jenesano,Colombia
Colombia-Boyaca-Jerico,Colombia
Colombia-Boyaca-Labranzagrande,Colombia
Colombia-Boyaca-La_Capilla,Colombia
Colombia-Boyaca-La_Victoria,Colombia
Colombia-Boyaca-La_Uvita,Colombia
Colombia-Boyaca-Villa_De_Leyva,Colombia
Colombia-Boyaca-Macanal,Colombia
Colombia-Boyaca-Maripi,Colombia
Colombia-Boyaca-Miraflores,Colombia
Colombia-Boyaca-Mongua,Colombia
Colombia-Boyaca-Mongui,Colombia
Colombia-Boyaca-Moniquira,Colombia
Colombia-Boyaca-Motavita,Colombia
Colombia-Boyaca-Muzo,Colombia
Colombia-Boyaca-Nobsa,Colombia
Colombia-Boyaca-Nuevo_Colon,Colombia
Colombia-Boyaca-Oicata,Colombia
Colombia-Boyaca-Otanche,Colombia
Colombia-Boyaca-Pachavita,Colombia
Colombia-Boyaca-Paez,Colombia
Colombia-Boyaca-Paipa,Colombia
Colombia-Boyaca-Pajarito,Colombia
Colombia-Boyaca-Panqueba,Colombia
Colombia-Boyaca-Pauna,Colombia
Colombia-Boyaca-Paya,Colombia
Colombia-Boyaca-Paz_De_Rio,Colombia
Colombia-Boyaca-Pesca,Colombia
Colombia-Boyaca-Pisba,Colombia
Colombia-Boyaca-Puerto_Boyaca,Colombia
Colombia-Boyaca-Quipama,Colombia
Colombia-Boyaca-Ramiriqui,Colombia
Colombia-Boyaca-Raquira,Colombia
Colombia-Boyaca-Rondon,Colombia
Colombia-Boyaca-Saboya,Colombia
Colombia-Boyaca-Sachica,Colombia
Colombia-Boyaca-Samaca,Colombia
Colombia-Boyaca-San_Eduardo,Colombia
Colombia-Boyaca-San_Jose_De_Pare,Colombia
Colombia-Boyaca-San_Luis_De_Gaceno,Colombia
Colombia-Boyaca-San_Mateo,Colombia
Colombia-Boyaca-San_Miguel_De_Sema,Colombia
Colombia-Boyaca-San_Pablo_De_Borbur,Colombia
Colombia-Boyaca-Santana,Colombia
Colombia-Boyaca-Santa_Maria,Colombia
Colombia-Boyaca-Santa_Rosa_De_Viterbo,Colombia
Colombia-Boyaca-Santa_Sofia,Colombia
Colombia-Boyaca-Sativanorte,Colombia
Colombia-Boyaca-Sativasur,Colombia
Colombia-Boyaca-Siachoque,Colombia
Colombia-Boyaca-Soata,Colombia
Colombia-Boyaca-Socota,Colombia
Colombia-Boyaca-Socha,Colombia
Colombia-Boyaca-Sogamoso,Colombia
Colombia-Boyaca-Somondoco,Colombia
Colombia-Boyaca-Sora,Colombia
Colombia-Boyaca-Sotaquira,Colombia
Colombia-Boyaca-Soraca,Colombia
Colombia-Boyaca-Susacon,Colombia
Colombia-Boyaca-Sutamarchan,Colombia
Colombia-Boyaca-Sutatenza,Colombia
Colombia-Boyaca-Tasco,Colombia
Colombia-Boyaca-Tenza,Colombia
Colombia-Boyaca-Tibana,Colombia
Colombia-Boyaca-Tibasosa,Colombia
Colombia-Boyaca-Tinjaca,Colombia
Colombia-Boyaca-Tipacoque,Colombia
Colombia-Boyaca-Toca,Colombia
Colombia-Boyaca-Togui,Colombia
Colombia-Boyaca-Topaga,Colombia
Colombia-Boyaca-Tota,Colombia
Colombia-Boyaca-Tunungua,Colombia
Colombia-Boyaca-Turmeque,Colombia
Colombia-Boyaca-Tuta,Colombia
Colombia-Boyaca-Tutaza,Colombia
Colombia-Boyaca-Umbita,Colombia
Colombia-Boyaca-Ventaquemada,Colombia
Colombia-Boyaca-Viracacha,Colombia
Colombia-Boyaca-Zetaquira,Colombia
Colombia-Caldas-Manizales,Colombia
Colombia-Caldas-Aguadas,Colombia
Colombia-Caldas-Anserma,Colombia
Colombia-Caldas-Aranzazu,Colombia
Colombia-Caldas-Belalcazar,Colombia
Colombia-Caldas-Chinchina,Colombia
Colombia-Caldas-Filadelfia,Colombia
Colombia-Caldas-La_Dorada,Colombia
Colombia-Caldas-La_Merced,Colombia
Colombia-Caldas-Manzanares,Colombia
Colombia-Caldas-Marmato,Colombia
Colombia-Caldas-Marquetalia,Colombia
Colombia-Caldas-Marulanda,Colombia
Colombia-Caldas-Neira,Colombia
Colombia-Caldas-Norcasia,Colombia
Colombia-Caldas-Pacora,Colombia
Colombia-Caldas-Palestina,Colombia
Colombia-Caldas-Pensilvania,Colombia
Colombia-Caldas-Riosucio,Colombia
Colombia-Caldas-Risaralda,Colombia
Colombia-Caldas-Salamina,Colombia
Colombia-Caldas-Samana,Colombia
Colombia-Caldas-San_Jose,Colombia
Colombia-Caldas-Supia,Colombia
Colombia-Caldas-Victoria,Colombia
Colombia-Caldas-Villamaria,Colombia
Colombia-Caldas-Viterbo,Colombia
Colombia-Caqueta-Florencia,Colombia
Colombia-Caqueta-Albania,Colombia
Colombia-Caqueta-Belen_De_Los_Andaquies,Colombia
Colombia-Caqueta-Cartagena_Del_Chaira,Colombia
Colombia-Caqueta-Curillo,Colombia
Colombia-Caqueta-El_Doncello,Colombia
Colombia-Caqueta-El_Paujil,Colombia
Colombia-Caqueta-La_Montanita,Colombia
Colombia-Caqueta-Milan,Colombia
Colombia-Caqueta-Morelia,Colombia
Colombia-Caqueta-Puerto_Rico,Colombia
Colombia-Caqueta-San_Jose_Del_Fragua,Colombia
Colombia-Caqueta-San_Vicente_Del_Caguan,Colombia
Colombia-Caqueta-Solano,Colombia
Colombia-Caqueta-Solita,Colombia
Colombia-Caqueta-Valparaiso,Colombia
Colombia-Cauca-Popayan,Colombia
Colombia-Cauca-Almaguer,Colombia
Colombia-Cauca-Argelia,Colombia
Colombia-Cauca-Balboa,Colombia
Colombia-Cauca-Bolivar,Colombia
Colombia-Cauca-Buenos_Aires,Colombia
Colombia-Cauca-Cajibio,Colombia
Colombia-Cauca-Caldono,Colombia
Colombia-Cauca-Caloto,Colombia
Colombia-Cauca-Corinto,Colombia
Colombia-Cauca-El_Tambo,Colombia
Colombia-Cauca-Florencia,Colombia
Colombia-Cauca-Guachene,Colombia
Colombia-Cauca-Guapi,Colombia
Colombia-Cauca-Inza,Colombia
Colombia-Cauca-Jambalo,Colombia
Colombia-Cauca-La_Sierra,Colombia
Colombia-Cauca-La_Vega,Colombia
Colombia-Cauca-Lopez,Colombia
Colombia-Cauca-Mercaderes,Colombia
Colombia-Cauca-Miranda,Colombia
Colombia-Cauca-Morales,Colombia
Colombia-Cauca-Padilla,Colombia
Colombia-Cauca-Paez,Colombia
Colombia-Cauca-Patia,Colombia
Colombia-Cauca-Piamonte,Colombia
Colombia-Cauca-Piendamo,Colombia
Colombia-Cauca-Puerto_Tejada,Colombia
Colombia-Cauca-Purace,Colombia
Colombia-Cauca-Rosas,Colombia
Colombia-Cauca-San_Sebastian,Colombia
Colombia-Cauca-Santander_De_Quilichao,Colombia
Colombia-Cauca-Santa_Rosa,Colombia
Colombia-Cauca-Silvia,Colombia
Colombia-Cauca-Sotara,Colombia
Colombia-Cauca-Suarez,Colombia
Colombia-Cauca-Sucre,Colombia
Colombia-Cauca-Timbio,Colombia
Colombia-Cauca-Timbiqui,Colombia
Colombia-Cauca-Toribio,Colombia
Colombia-Cauca-Totoro,Colombia
Colombia-Cauca-Villa_Rica,Colombia
Colombia-Cesar-Valledupar,Colombia
Colombia-Cesar-Aguachica,Colombia
Colombia-Cesar-Agustin_Codazzi,Colombia
Colombia-Cesar-Astrea,Colombia
Colombia-Cesar-Becerril,Colombia
Colombia-Cesar-Bosconia,Colombia
Colombia-Cesar-Chimichagua,Colombia
Colombia-Cesar-Chiriguana,Colombia
Colombia-Cesar-Curumani,Colombia
Colombia-Cesar-El_Copey,Colombia
Colombia-Cesar-El_Paso,Colombia
Colombia-Cesar-Gamarra,Colombia
Colombia-Cesar-Gonzalez,Colombia
Colombia-Cesar-La_Gloria,Colombia
Colombia-Cesar-La_Jagua_De_Ibirico,Colombia
Colombia-Cesar-Manaure,Colombia
Colombia-Cesar-Pailitas,Colombia
Colombia-Cesar-Pelaya,Colombia
Colombia-Cesar-Pueblo_Bello,Colombia
Colombia-Cesar-Rio_De_Oro,Colombia
Colombia-Cesar-La_Paz,Colombia
Colombia-Cesar-San_Alberto,Colombia
Colombia-Cesar-San_Diego,Colombia
Colombia-Cesar-San_Martin,Colombia
Colombia-Cesar-Tamalameque,Colombia
Colombia-Cordoba-Monteria,Colombia
Colombia-Cordoba-Ayapel,Colombia
Colombia-Cordoba-Buenavista,Colombia
Colombia-Cordoba-Canalete,Colombia
Colombia-Cordoba-Cerete,Colombia
Colombia-Cordoba-Chima,Colombia
Colombia-Cordoba-Chinu,Colombia
Colombia-Cordoba-Cienaga_De_Oro,Colombia
Colombia-Cordoba-Cotorra,Colombia
Colombia-Cordoba-La_Apartada,Colombia
Colombia-Cordoba-Lorica,Colombia
Colombia-Cordoba-Los_Cordobas,Colombia
Colombia-Cordoba-Momil,Colombia
Colombia-Cordoba-Montelibano,Colombia
Colombia-Cordoba-Monitos,Colombia
Colombia-Cordoba-Planeta_Rica,Colombia
Colombia-Cordoba-Pueblo_Nuevo,Colombia
Colombia-Cordoba-Puerto_Escondido,Colombia
Colombia-Cordoba-Puerto_Libertador,Colombia
Colombia-Cordoba-Purisima,Colombia
Colombia-Cordoba-Sahagun,Colombia
Colombia-Cordoba-San_Andres_Sotavento,Colombia
Colombia-Cordoba-San_Antero,Colombia
Colombia-Cordoba-San_Bernardo_Del_Viento,Colombia
Colombia-Cordoba-San_Carlos,Colombia
Colombia-Cordoba-San_Jose_De_Ure,Colombia
Colombia-Cordoba-San_Pelayo,Colombia
Colombia-Cordoba-Tierralta,Colombia
Colombia-Cordoba-Tuchin,Colombia
Colombia-Cordoba-Valencia,Colombia
Colombia-Cundinamarca-Agua_De_Dios,Colombia
Colombia-Cundinamarca-Alban,Colombia
Colombia-Cundinamarca-Anapoima,Colombia
Colombia-Cundinamarca-Anolaima,Colombia
Colombia-Cundinamarca-Arbelaez,Colombia
Colombia-Cundinamarca-Beltran,Colombia
Colombia-Cundinamarca-Bituima,Colombia
Colombia-Cundinamarca-Bojaca,Colombia
Colombia-Cundinamarca-Cabrera,Colombia
Colombia-Cundinamarca-Cachipay,Colombia
Colombia-Cundinamarca-Cajica,Colombia
Colombia-Cundinamarca-Caparrapi,Colombia
Colombia-Cundinamarca-Caqueza,Colombia
Colombia-Cundinamarca-Carmen_De_Carupa,Colombia
Colombia-Cundinamarca-Chaguani,Colombia
Colombia-Cundinamarca-Chia,Colombia
Colombia-Cundinamarca-Chipaque,Colombia
Colombia-Cundinamarca-Choachi,Colombia
Colombia-Cundinamarca-Choconta,Colombia
Colombia-Cundinamarca-Cogua,Colombia
Colombia-Cundinamarca-Cota,Colombia
Colombia-Cundinamarca-Cucunuba,Colombia
Colombia-Cundinamarca-El_Colegio,Colombia
Colombia-Cundinamarca-El_Penon,Colombia
Colombia-Cundinamarca-El_Rosal,Colombia
Colombia-Cundinamarca-Facatativa,Colombia
Colombia-Cundinamarca-Fomeque,Colombia
Colombia-Cundinamarca-Fosca,Colombia
Colombia-Cundinamarca-Funza,Colombia
Colombia-Cundinamarca-Fuquene,Colombia
Colombia-Cundinamarca-Fusagasuga,Colombia
Colombia-Cundinamarca-Gachala,Colombia
Colombia-Cundinamarca-Gachancipa,Colombia
Colombia-Cundinamarca-Gacheta,Colombia
Colombia-Cundinamarca-Gama,Colombia
Colombia-Cundinamarca-Girardot,Colombia
Colombia-Cundinamarca-Granada,Colombia
Colombia-Cundinamarca-Guacheta,Colombia
Colombia-Cundinamarca-Guaduas,Colombia
Colombia-Cundinamarca-Guasca,Colombia
Colombia-Cundinamarca-Guataqui,Colombia
Colombia-Cundinamarca-Guatavita,Colombia
Colombia-Cundinamarca-Guayabal_De_Siquima,Colombia
Colombia-Cundinamarca-Guayabetal,Colombia
Colombia-Cundinamarca-Gutierrez,Colombia
Colombia-Cundinamarca-Jerusalen,Colombia
Colombia-Cundinamarca-Junin,Colombia
Colombia-Cundinamarca-La_Calera,Colombia
Colombia-Cundinamarca-La_Mesa,Colombia
Colombia-Cundinamarca-La_Palma,Colombia
Colombia-Cundinamarca-La_Pena,Colombia
Colombia-Cundinamarca-La_Vega,Colombia
Colombia-Cundinamarca-Lenguazaque,Colombia
Colombia-Cundinamarca-Macheta,Colombia
Colombia-Cundinamarca-Madrid,Colombia
Colombia-Cundinamarca-Manta,Colombia
Colombia-Cundinamarca-Medina,Colombia
Colombia-Cundinamarca-Mosquera,Colombia
Colombia-Cundinamarca-Narino,Colombia
Colombia-Cundinamarca-Nemocon,Colombia
Colombia-Cundinamarca-Nilo,Colombia
Colombia-Cundinamarca-Nimaima,Colombia
Colombia-Cundinamarca-Nocaima,Colombia
Colombia-Cundinamarca-Venecia,Colombia
Colombia-Cundinamarca-Pacho,Colombia
Colombia-Cundinamarca-Paime,Colombia
Colombia-Cundinamarca-Pandi,Colombia
Colombia-Cundinamarca-Paratebueno,Colombia
Colombia-Cundinamarca-Pasca,Colombia
Colombia-Cundinamarca-Puerto_Salgar,Colombia
Colombia-Cundinamarca-Puli,Colombia
Colombia-Cundinamarca-Quebradanegra,Colombia
Colombia-Cundinamarca-Quetame,Colombia
Colombia-Cundinamarca-Quipile,Colombia
Colombia-Cundinamarca-Apulo,Colombia
Colombia-Cundinamarca-Rafael_Reyes_Apulo,Colombia
Colombia-Cundinamarca-Ricaurte,Colombia
Colombia-Cundinamarca-San_Antonio_Del_Tequendama,Colombia
Colombia-Cundinamarca-San_Bernardo,Colombia
Colombia-Cundinamarca-San_Cayetano,Colombia
Colombia-Cundinamarca-San_Francisco,Colombia
Colombia-Cundinamarca-San_Juan_De_Rio_Seco,Colombia
Colombia-Cundinamarca-Sasaima,Colombia
Colombia-Cundinamarca-Sesquile,Colombia
Colombia-Cundinamarca-Sibate,Colombia
Colombia-Cundinamarca-Silvania,Colombia
Colombia-Cundinamarca-Simijaca,Colombia
Colombia-Cundinamarca-Soacha,Colombia
Colombia-Cundinamarca-Sopo,Colombia
Colombia-Cundinamarca-Subachoque,Colombia
Colombia-Cundinamarca-Suesca,Colombia
Colombia-Cundinamarca-Supata,Colombia
Colombia-Cundinamarca-Susa,Colombia
Colombia-Cundinamarca-Sutatausa,Colombia
Colombia-Cundinamarca-Tabio,Colombia
Colombia-Cundinamarca-Tausa,Colombia
Colombia-Cundinamarca-Tena,Colombia
Colombia-Cundinamarca-Tenjo,Colombia
Colombia-Cundinamarca-Tibacuy,Colombia
Colombia-Cundinamarca-Tibirita,Colombia
Colombia-Cundinamarca-Tocaima,Colombia
Colombia-Cundinamarca-Tocancipa,Colombia
Colombia-Cundinamarca-Topaipi,Colombia
Colombia-Cundinamarca-Ubala,Colombia
Colombia-Cundinamarca-Ubaque,Colombia
Colombia-Cundinamarca-Villa_De_San_Diego_De_Ubate,Colombia
Colombia-Cundinamarca-Une,Colombia
Colombia-Cundinamarca-Utica,Colombia
Colombia-Cundinamarca-Vergara,Colombia
Colombia-Cundinamarca-Viani,Colombia
Colombia-Cundinamarca-Villagomez,Colombia
Colombia-Cundinamarca-Villapinzon,Colombia
Colombia-Cundinamarca-Villeta,Colombia
Colombia-Cundinamarca-Viota,Colombia
Colombia-Cundinamarca-Yacopi,Colombia
Colombia-Cundinamarca-Zipacon,Colombia
Colombia-Cundinamarca-Zipaquira,Colombia
Colombia-Choco-Quibdo,Colombia
Colombia-Choco-Acandi,Colombia
Colombia-Choco-Alto_Baudo,Colombia
Colombia-Choco-Atrato,Colombia
Colombia-Choco-Bagado,Colombia
Colombia-Choco-Bahia_Solano,Colombia
Colombia-Choco-Bajo_Baudo,Colombia
Colombia-Choco-Belen_De_Bajira,Colombia
Colombia-Choco-Bojaya,Colombia
Colombia-Choco-El_Canton_Del_San_Pablo,Colombia
Colombia-Choco-Carmen_Del_Darien,Colombia
Colombia-Choco-Certegui,Colombia
Colombia-Choco-Condoto,Colombia
Colombia-Choco-El_Carmen_De_Atrato,Colombia
Colombia-Choco-El_Litoral_Del_San_Juan,Colombia
Colombia-Choco-Istmina,Colombia
Colombia-Choco-Jurado,Colombia
Colombia-Choco-Lloro,Colombia
Colombia-Choco-Medio_Atrato,Colombia
Colombia-Choco-Medio_Baudo,Colombia
Colombia-Choco-Medio_San_Juan,Colombia
Colombia-Choco-Novita,Colombia
Colombia-Choco-Nuqui,Colombia
Colombia-Choco-Rio_Iro,Colombia
Colombia-Choco-Rio_Quito,Colombia
Colombia-Choco-Riosucio,Colombia
Colombia-Choco-San_Jose_Del_Palmar,Colombia
Colombia-Choco-Sipi,Colombia
Colombia-Choco-Tado,Colombia
Colombia-Choco-Unguia,Colombia
Colombia-Choco-Union_Panamericana,Colombia
Colombia-Huila-Neiva,Colombia
Colombia-Huila-Acevedo,Colombia
Colombia-Huila-Agrado,Colombia
Colombia-Huila-Aipe,Colombia
Colombia-Huila-Algeciras,Colombia
Colombia-Huila-Altamira,Colombia
Colombia-Huila-Baraya,Colombia
Colombia-Huila-Campoalegre,Colombia
Colombia-Huila-Colombia,Colombia
Colombia-Huila-Elias,Colombia
Colombia-Huila-Garzon,Colombia
Colombia-Huila-Gigante,Colombia
Colombia-Huila-Guadalupe,Colombia
Colombia-Huila-Hobo,Colombia
Colombia-Huila-Iquira,Colombia
Colombia-Huila-Isnos,Colombia
Colombia-Huila-La_Argentina,Colombia
Colombia-Huila-La_Plata,Colombia
Colombia-Huila-Nataga,Colombia
Colombia-Huila-Oporapa,Colombia
Colombia-Huila-Paicol,Colombia
Colombia-Huila-Palermo,Colombia
Colombia-Huila-Palestina,Colombia
Colombia-Huila-Pital,Colombia
Colombia-Huila-Pitalito,Colombia
Colombia-Huila-Rivera,Colombia
Colombia-Huila-Saladoblanco,Colombia
Colombia-Huila-San_Agustin,Colombia
Colombia-Huila-Santa_Maria,Colombia
Colombia-Huila-Suaza,Colombia
Colombia-Huila-Tarqui,Colombia
Colombia-Huila-Tesalia,Colombia
Colombia-Huila-Tello,Colombia
Colombia-Huila-Teruel,Colombia
Colombia-Huila-Timana,Colombia
Colombia-Huila-Villavieja,Colombia
Colombia-Huila-Yaguara,Colombia
Colombia-Guajira-Riohacha,Colombia
Colombia-Guajira-Albania,Colombia
Colombia-Guajira-Barrancas,Colombia
Colombia-Guajira-Dibulla,Colombia
Colombia-Guajira-Distraccion,Colombia
Colombia-Guajira-El_Molino,Colombia
Colombia-Guajira-Fonseca,Colombia
Colombia-Guajira-Hatonuevo,Colombia
Colombia-Guajira-La_Jagua_Del_Pilar,Colombia
Colombia-Guajira-Maicao,Colombia
Colombia-Guajira-Manaure,Colombia
Colombia-Guajira-San_Juan_Del_Cesar,Colombia
Colombia-Guajira-Uribia,Colombia
Colombia-Guajira-Urumita,Colombia
Colombia-Guajira-Villanueva,Colombia
Colombia-Sta_Marta_DE-Santa_Marta,Colombia
Colombia-Magdalena-Sitio_Nuevo,Colombia
Colombia-Magdalena-Algarrobo,Colombia
Colombia-Magdalena-Aracataca,Colombia
Colombia-Magdalena-Ariguani,Colombia
Colombia-Magdalena-Cerro_San_Antonio,Colombia
Colombia-Magdalena-Chibolo,Colombia
Colombia-Magdalena-Cienaga,Colombia
Colombia-Magdalena-Concordia,Colombia
Colombia-Magdalena-El_Banco,Colombia
Colombia-Magdalena-El_Pinon,Colombia
Colombia-Magdalena-El_Reten,Colombia
Colombia-Magdalena-Fundacion,Colombia
Colombia-Magdalena-Guamal,Colombia
Colombia-Magdalena-Nueva_Granada,Colombia
Colombia-Magdalena-Pedraza,Colombia
Colombia-Magdalena-Pijino_Del_Carmen,Colombia
Colombia-Magdalena-Pivijay,Colombia
Colombia-Magdalena-Plato,Colombia
Colombia-Magdalena-Puebloviejo,Colombia
Colombia-Magdalena-Remolino,Colombia
Colombia-Magdalena-Sabanas_De_San_Angel,Colombia
Colombia-Magdalena-Salamina,Colombia
Colombia-Magdalena-San_Sebastian_De_Buenavista,Colombia
Colombia-Magdalena-San_Zenon,Colombia
Colombia-Magdalena-Santa_Ana,Colombia
Colombia-Magdalena-Santa_Barbara_De_Pinto,Colombia
Colombia-Magdalena-Sitionuevo,Colombia
Colombia-Magdalena-Tenerife,Colombia
Colombia-Magdalena-Zapayan,Colombia
Colombia-Magdalena-Zona_Bananera,Colombia
Colombia-Meta-Villavicencio,Colombia
Colombia-Meta-Acacias,Colombia
Colombia-Meta-Barranca_De_Upia,Colombia
Colombia-Meta-Cabuyaro,Colombia
Colombia-Meta-Castilla_La_Nueva,Colombia
Colombia-Meta-Cubarral,Colombia
Colombia-Meta-Cumaral,Colombia
Colombia-Meta-El_Calvario,Colombia
Colombia-Meta-El_Castillo,Colombia
Colombia-Meta-El_Dorado,Colombia
Colombia-Meta-Fuente_De_Oro,Colombia
Colombia-Meta-Granada,Colombia
Colombia-Meta-Guamal,Colombia
Colombia-Meta-Mapiripan,Colombia
Colombia-Meta-Mesetas,Colombia
Colombia-Meta-La_Macarena,Colombia
Colombia-Meta-Uribe,Colombia
Colombia-Meta-Lejanias,Colombia
Colombia-Meta-Puerto_Concordia,Colombia
Colombia-Meta-Puerto_Gaitan,Colombia
Colombia-Meta-Puerto_Lopez,Colombia
Colombia-Meta-Puerto_Lleras,Colombia
Colombia-Meta-Puerto_Rico,Colombia
Colombia-Meta-Restrepo,Colombia
Colombia-Meta-San_Carlos_De_Guaroa,Colombia
Colombia-Meta-San_Juan_De_Arama,Colombia
Colombia-Meta-San_Juanito,Colombia
Colombia-Meta-San_Martin,Colombia
Colombia-Meta-Vistahermosa,Colombia
Colombia-Narino-Pasto,Colombia
Colombia-Narino-Alban,Colombia
Colombia-Narino-Aldana,Colombia
Colombia-Narino-Ancuya,Colombia
Colombia-Narino-Arboleda,Colombia
Colombia-Narino-Barbacoas,Colombia
Colombia-Narino-Belen,Colombia
Colombia-Narino-Buesaco,Colombia
Colombia-Narino-Colon,Colombia
Colombia-Narino-Consaca,Colombia
Colombia-Narino-Contadero,Colombia
Colombia-Narino-Cordoba,Colombia
Colombia-Narino-Cuaspud,Colombia
Colombia-Narino-Cumbal,Colombia
Colombia-Narino-Cumbitara,Colombia
Colombia-Narino-Chachagui,Colombia
Colombia-Narino-El_Charco,Colombia
Colombia-Narino-El_Penol,Colombia
Colombia-Narino-El_Rosario,Colombia
Colombia-Narino-El_Tablon_De_Gomez,Colombia
Colombia-Narino-El_Tambo,Colombia
Colombia-Narino-Funes,Colombia
Colombia-Narino-Guachucal,Colombia
Colombia-Narino-Guaitarilla,Colombia
Colombia-Narino-Gualmatan,Colombia
Colombia-Narino-Iles,Colombia
Colombia-Narino-Imues,Colombia
Colombia-Narino-Ipiales,Colombia
Colombia-Narino-La_Cruz,Colombia
Colombia-Narino-La_Florida,Colombia
Colombia-Narino-La_Llanada,Colombia
Colombia-Narino-La_Tola,Colombia
Colombia-Narino-La_Union,Colombia
Colombia-Narino-Leiva,Colombia
Colombia-Narino-Linares,Colombia
Colombia-Narino-Los_Andes,Colombia
Colombia-Narino-Magsi,Colombia
Colombia-Narino-Mallama,Colombia
Colombia-Narino-Mosquera,Colombia
Colombia-Narino-Narino,Colombia
Colombia-Narino-Olaya_Herrera,Colombia
Colombia-Narino-Ospina,Colombia
Colombia-Narino-Francisco_Pizarro,Colombia
Colombia-Narino-Policarpa,Colombia
Colombia-Narino-Potosi,Colombia
Colombia-Narino-Providencia,Colombia
Colombia-Narino-Puerres,Colombia
Colombia-Narino-Pupiales,Colombia
Colombia-Narino-Ricaurte,Colombia
Colombia-Narino-Roberto_Payan,Colombia
Colombia-Narino-Samaniego,Colombia
Colombia-Narino-Sandona,Colombia
Colombia-Narino-San_Bernardo,Colombia
Colombia-Narino-San_Lorenzo,Colombia
Colombia-Narino-San_Pablo,Colombia
Colombia-Narino-San_Pedro_De_Cartago,Colombia
Colombia-Narino-Santa_Barbara,Colombia
Colombia-Narino-Santacruz,Colombia
Colombia-Narino-Sapuyes,Colombia
Colombia-Narino-Taminango,Colombia
Colombia-Narino-Tangua,Colombia
Colombia-Narino-San_Andres_De_Tumaco,Colombia
Colombia-Narino-Tuquerres,Colombia
Colombia-Narino-Yacuanquer,Colombia
Colombia-Norte_Santander-Cucuta,Colombia
Colombia-Norte_Santander-Abrego,Colombia
Colombia-Norte_Santander-Arboledas,Colombia
Colombia-Norte_Santander-Bochalema,Colombia
Colombia-Norte_Santander-Bucarasica,Colombia
Colombia-Norte_Santander-Cacota,Colombia
Colombia-Norte_Santander-Cachira,Colombia
Colombia-Norte_Santander-Chinacota,Colombia
Colombia-Norte_Santander-Chitaga,Colombia
Colombia-Norte_Santander-Convencion,Colombia
Colombia-Norte_Santander-Cucutilla,Colombia
Colombia-Norte_Santander-Durania,Colombia
Colombia-Norte_Santander-El_Carmen,Colombia
Colombia-Norte_Santander-El_Tarra,Colombia
Colombia-Norte_Santander-El_Zulia,Colombia
Colombia-Norte_Santander-Gramalote,Colombia
Colombia-Norte_Santander-Hacari,Colombia
Colombia-Norte_Santander-Herran,Colombia
Colombia-Norte_Santander-Labateca,Colombia
Colombia-Norte_Santander-La_Esperanza,Colombia
Colombia-Norte_Santander-La_Playa,Colombia
Colombia-Norte_Santander-Los_Patios,Colombia
Colombia-Norte_Santander-Lourdes,Colombia
Colombia-Norte_Santander-Mutiscua,Colombia
Colombia-Norte_Santander-Ocana,Colombia
Colombia-Norte_Santander-Pamplona,Colombia
Colombia-Norte_Santander-Pamplonita,Colombia
Colombia-Norte_Santander-Puerto_Santander,Colombia
Colombia-Norte_Santander-Ragonvalia,Colombia
Colombia-Norte_Santander-Salazar,Colombia
Colombia-Norte_Santander-San_Calixto,Colombia
Colombia-Norte_Santander-San_Cayetano,Colombia
Colombia-Norte_Santander-Santiago,Colombia
Colombia-Norte_Santander-Sardinata,Colombia
Colombia-Norte_Santander-Silos,Colombia
Colombia-Norte_Santander-Teorama,Colombia
Colombia-Norte_Santander-Tibu,Colombia
Colombia-Norte_Santander-Toledo,Colombia
Colombia-Norte_Santander-Villa_Caro,Colombia
Colombia-Norte_Santander-Villa_Del_Rosario,Colombia
Colombia-Quindio-Armenia,Colombia
Colombia-Quindio-Buenavista,Colombia
Colombia-Quindio-Calarca,Colombia
Colombia-Quindio-Circasia,Colombia
Colombia-Quindio-Cordoba,Colombia
Colombia-Quindio-Filandia,Colombia
Colombia-Quindio-Genova,Colombia
Colombia-Quindio-La_Tebaida,Colombia
Colombia-Quindio-Montenegro,Colombia
Colombia-Quindio-Pijao,Colombia
Colombia-Quindio-Quimbaya,Colombia
Colombia-Quindio-Salento,Colombia
Colombia-Risaralda-Pereira,Colombia
Colombia-Risaralda-Apia,Colombia
Colombia-Risaralda-Balboa,Colombia
Colombia-Risaralda-Belen_De_Umbria,Colombia
Colombia-Risaralda-Dosquebradas,Colombia
Colombia-Risaralda-Guatica,Colombia
Colombia-Risaralda-La_Celia,Colombia
Colombia-Risaralda-La_Virginia,Colombia
Colombia-Risaralda-Marsella,Colombia
Colombia-Risaralda-Mistrato,Colombia
Colombia-Risaralda-Pueblo_Rico,Colombia
Colombia-Risaralda-Quinchia,Colombia
Colombia-Risaralda-Santa_Rosa_De_Cabal,Colombia
Colombia-Risaralda-Santuario,Colombia
Colombia-Santander-Bucaramanga,Colombia
Colombia-Santander-Aguada,Colombia
Colombia-Santander-Albania,Colombia
Colombia-Santander-Aratoca,Colombia
Colombia-Santander-Barbosa,Colombia
Colombia-Santander-Barichara,Colombia
Colombia-Santander-Barrancabermeja,Colombia
Colombia-Santander-Betulia,Colombia
Colombia-Santander-Bolivar,Colombia
Colombia-Santander-Cabrera,Colombia
Colombia-Santander-California,Colombia
Colombia-Santander-Capitanejo,Colombia
Colombia-Santander-Carcasi,Colombia
Colombia-Santander-Cepita,Colombia
Colombia-Santander-Cerrito,Colombia
Colombia-Santander-Charala,Colombia
Colombia-Santander-Charta,Colombia
Colombia-Santander-Chima,Colombia
Colombia-Santander-Chipata,Colombia
Colombia-Santander-Cimitarra,Colombia
Colombia-Santander-Concepcion,Colombia
Colombia-Santander-Confines,Colombia
Colombia-Santander-Contratacion,Colombia
Colombia-Santander-Coromoro,Colombia
Colombia-Santander-Curiti,Colombia
Colombia-Santander-El_Carmen_De_Chucuri,Colombia
Colombia-Santander-El_Guacamayo,Colombia
Colombia-Santander-El_Penon,Colombia
Colombia-Santander-El_Playon,Colombia
Colombia-Santander-Encino,Colombia
Colombia-Santander-Enciso,Colombia
Colombia-Santander-Florian,Colombia
Colombia-Santander-Floridablanca,Colombia
Colombia-Santander-Galan,Colombia
Colombia-Santander-Gambita,Colombia
Colombia-Santander-Giron,Colombia
Colombia-Santander-Guaca,Colombia
Colombia-Santander-Guadalupe,Colombia
Colombia-Santander-Guapota,Colombia
Colombia-Santander-Guavata,Colombia
Colombia-Santander-Gsepsa,Colombia
Colombia-Santander-Hato,Colombia
Colombia-Santander-Jesus_Maria,Colombia
Colombia-Santander-Jordan,Colombia
Colombia-Santander-La_Belleza,Colombia
Colombia-Santander-Landazuri,Colombia
Colombia-Santander-La_Paz,Colombia
Colombia-Santander-Lebrija,Colombia
Colombia-Santander-Los_Santos,Colombia
Colombia-Santander-Macaravita,Colombia
Colombia-Santander-Malaga,Colombia
Colombia-Santander-Matanza,Colombia
Colombia-Santander-Mogotes,Colombia
Colombia-Santander-Molagavita,Colombia
Colombia-Santander-Ocamonte,Colombia
Colombia-Santander-Oiba,Colombia
Colombia-Santander-Onzaga,Colombia
Colombia-Santander-Palmar,Colombia
Colombia-Santander-Palmas_Del_Socorro,Colombia
Colombia-Santander-Paramo,Colombia
Colombia-Santander-Piedecuesta,Colombia
Colombia-Santander-Pinchote,Colombia
Colombia-Santander-Puente_Nacional,Colombia
Colombia-Santander-Puerto_Parra,Colombia
Colombia-Santander-Puerto_Wilches,Colombia
Colombia-Santander-Rionegro,Colombia
Colombia-Santander-Sabana_De_Torres,Colombia
Colombia-Santander-San_Andres,Colombia
Colombia-Santander-San_Benito,Colombia
Colombia-Santander-San_Gil,Colombia
Colombia-Santander-San_Joaquin,Colombia
Colombia-Santander-San_Jose_De_Miranda,Colombia
Colombia-Santander-San_Miguel,Colombia
Colombia-Santander-San_Vicente_De_Chucuri,Colombia
Colombia-Santander-Santa_Barbara,Colombia
Colombia-Santander-Santa_Helena_Del_Opon,Colombia
Colombia-Santander-Simacota,Colombia
Colombia-Santander-Socorro,Colombia
Colombia-Santander-Suaita,Colombia
Colombia-Santander-Sucre,Colombia
Colombia-Santander-Surata,Colombia
Colombia-Santander-Tona,Colombia
Colombia-Santander-Valle_De_San_Jose,Colombia
Colombia-Santander-Velez,Colombia
Colombia-Santander-Vetas,Colombia
Colombia-Santander-Villanueva,Colombia
Colombia-Santander-Zapatoca,Colombia
Colombia-Sucre-Sincelejo,Colombia
Colombia-Sucre-Buenavista,Colombia
Colombia-Sucre-Caimito,Colombia
Colombia-Sucre-Coloso,Colombia
Colombia-Sucre-Corozal,Colombia
Colombia-Sucre-Covenas,Colombia
Colombia-Sucre-Chalan,Colombia
Colombia-Sucre-El_Roble,Colombia
Colombia-Sucre-Galeras,Colombia
Colombia-Sucre-Guaranda,Colombia
Colombia-Sucre-La_Union,Colombia
Colombia-Sucre-Los_Palmitos,Colombia
Colombia-Sucre-Majagual,Colombia
Colombia-Sucre-Morroa,Colombia
Colombia-Sucre-Ovejas,Colombia
Colombia-Sucre-Palmito,Colombia
Colombia-Sucre-Sampues,Colombia
Colombia-Sucre-San_Benito_Abad,Colombia
Colombia-Sucre-San_Juan_De_Betulia,Colombia
Colombia-Sucre-San_Marcos,Colombia
Colombia-Sucre-San_Onofre,Colombia
Colombia-Sucre-San_Pedro,Colombia
Colombia-Sucre-San_Luis_De_Since,Colombia
Colombia-Sucre-Sucre,Colombia
Colombia-Sucre-Santiago_De_Tolu,Colombia
Colombia-Sucre-Tolu_Viejo,Colombia
Colombia-Tolima-Ibague,Colombia
Colombia-Tolima-Alpujarra,Colombia
Colombia-Tolima-Alvarado,Colombia
Colombia-Tolima-Ambalema,Colombia
Colombia-Tolima-Anzoategui,Colombia
Colombia-Tolima-Armero,Colombia
Colombia-Tolima-Ataco,Colombia
Colombia-Tolima-Cajamarca,Colombia
Colombia-Tolima-Carmen_De_Apicala,Colombia
Colombia-Tolima-Casabianca,Colombia
Colombia-Tolima-Chaparral,Colombia
Colombia-Tolima-Coello,Colombia
Colombia-Tolima-Coyaima,Colombia
Colombia-Tolima-Cunday,Colombia
Colombia-Tolima-Dolores,Colombia
Colombia-Tolima-Espinal,Colombia
Colombia-Tolima-Falan,Colombia
Colombia-Tolima-Flandes,Colombia
Colombia-Tolima-Fresno,Colombia
Colombia-Tolima-Guamo,Colombia
Colombia-Tolima-Herveo,Colombia
Colombia-Tolima-Honda,Colombia
Colombia-Tolima-Icononzo,Colombia
Colombia-Tolima-Lerida,Colombia
Colombia-Tolima-Libano,Colombia
Colombia-Tolima-Mariquita,Colombia
Colombia-Tolima-Melgar,Colombia
Colombia-Tolima-Murillo,Colombia
Colombia-Tolima-Natagaima,Colombia
Colombia-Tolima-Ortega,Colombia
Colombia-Tolima-Palocabildo,Colombia
Colombia-Tolima-Piedras,Colombia
Colombia-Tolima-Planadas,Colombia
Colombia-Tolima-Prado,Colombia
Colombia-Tolima-Purificacion,Colombia
Colombia-Tolima-Rioblanco,Colombia
Colombia-Tolima-Roncesvalles,Colombia
Colombia-Tolima-Rovira,Colombia
Colombia-Tolima-Saldana,Colombia
Colombia-Tolima-San_Antonio,Colombia
Colombia-Tolima-San_Luis,Colombia
Colombia-Tolima-Santa_Isabel,Colombia
Colombia-Tolima-Suarez,Colombia
Colombia-Tolima-Valle_De_San_Juan,Colombia
Colombia-Tolima-Venadillo,Colombia
Colombia-Tolima-Villahermosa,Colombia
Colombia-Tolima-Villarrica,Colombia
Colombia-Valle_Del_Cauca-Cali,Colombia
Colombia-Valle_Del_Cauca-Alcala,Colombia
Colombia-Valle_Del_Cauca-Andalucia,Colombia
Colombia-Valle_Del_Cauca-Ansermanuevo,Colombia
Colombia-Valle_Del_Cauca-Argelia,Colombia
Colombia-Valle_Del_Cauca-Bolivar,Colombia
Colombia-Valle_Del_Cauca-Buenaventura,Colombia
Colombia-Valle_Del_Cauca-Guadalajara_De_Buga,Colombia
Colombia-Valle_Del_Cauca-Bugalagrande,Colombia
Colombia-Valle_Del_Cauca-Caicedonia,Colombia
Colombia-Valle_Del_Cauca-Calima,Colombia
Colombia-Valle_Del_Cauca-Candelaria,Colombia
Colombia-Valle_Del_Cauca-Cartago,Colombia
Colombia-Valle_Del_Cauca-Dagua,Colombia
Colombia-Valle_Del_Cauca-El_Aguila,Colombia
Colombia-Valle_Del_Cauca-El_Cairo,Colombia
Colombia-Valle_Del_Cauca-El_Cerrito,Colombia
Colombia-Valle_Del_Cauca-El_Dovio,Colombia
Colombia-Valle_Del_Cauca-Florida,Colombia
Colombia-Valle_Del_Cauca-Ginebra,Colombia
Colombia-Valle_Del_Cauca-Guacari,Colombia
Colombia-Valle_Del_Cauca-Jamundi,Colombia
Colombia-Valle_Del_Cauca-La_Cumbre,Colombia
Colombia-Valle_Del_Cauca-La_Union,Colombia
Colombia-Valle_Del_Cauca-La_Victoria,Colombia
Colombia-Valle_Del_Cauca-Obando,Colombia
Colombia-Valle_Del_Cauca-Palmira,Colombia
Colombia-Valle_Del_Cauca-Pradera,Colombia
Colombia-Valle_Del_Cauca-Restrepo,Colombia
Colombia-Valle_Del_Cauca-Riofrio,Colombia
Colombia-Valle_Del_Cauca-Roldanillo,Colombia
Colombia-Valle_Del_Cauca-San_Pedro,Colombia
Colombia-Valle_Del_Cauca-Sevilla,Colombia
Colombia-Valle_Del_Cauca-Toro,Colombia
Colombia-Valle_Del_Cauca-Trujillo,Colombia
Colombia-Valle_Del_Cauca-Tulua,Colombia
Colombia-Valle_Del_Cauca-Ulloa,Colombia
Colombia-Valle_Del_Cauca-Versalles,Colombia
Colombia-Valle_Del_Cauca-Vijes,Colombia
Colombia-Valle_Del_Cauca-Yotoco,Colombia
Colombia-Valle_Del_Cauca-Yumbo,Colombia
Colombia-Valle_Del_Cauca-Zarzal,Colombia
Colombia-Arauca-Arauca,Colombia
Colombia-Arauca-Arauquita,Colombia
Colombia-Arauca-Cravo_Norte,Colombia
Colombia-Arauca-Fortul,Colombia
Colombia-Arauca-Puerto_Rondon,Colombia
Colombia-Arauca-Saravena,Colombia
Colombia-Arauca-Tame,Colombia
Colombia-Casanare-Yopal,Colombia
Colombia-Casanare-Aguazul,Colombia
Colombia-Casanare-Chameza,Colombia
Colombia-Casanare-Hato_Corozal,Colombia
Colombia-Casanare-La_Salina,Colombia
Colombia-Casanare-Mani,Colombia
Colombia-Casanare-Monterrey,Colombia
Colombia-Casanare-Nunchia,Colombia
Colombia-Casanare-Orocue,Colombia
Colombia-Casanare-Paz_De_Ariporo,Colombia
Colombia-Casanare-Pore,Colombia
Colombia-Casanare-Recetor,Colombia
Colombia-Casanare-Sabanalarga,Colombia
Colombia-Casanare-Sacama,Colombia
Colombia-Casanare-San_Luis_De_Palenque,Colombia
Colombia-Casanare-Tamara,Colombia
Colombia-Casanare-Tauramena,Colombia
Colombia-Casanare-Trinidad,Colombia
Colombia-Casanare-Villanueva,Colombia
Colombia-Putumayo-Mocoa,Colombia
Colombia-Putumayo-Colon,Colombia
Colombia-Putumayo-Orito,Colombia
Colombia-Putumayo-Puerto_Asis,Colombia
Colombia-Putumayo-Puerto_Caicedo,Colombia
Colombia-Putumayo-Puerto_Guzman,Colombia
Colombia-Putumayo-Leguizamo,Colombia
Colombia-Putumayo-Sibundoy,Colombia
Colombia-Putumayo-San_Francisco,Colombia
Colombia-Putumayo-San_Miguel,Colombia
Colombia-Putumayo-Santiago,Colombia
Colombia-Putumayo-Valle_Del_Guamuez,Colombia
Colombia-Putumayo-Villagarzon,Colombia
Colombia-San_Andres-San_Andres,Colombia
Colombia-San_Andres-Providencia,Colombia
Colombia-Amazonas-Leticia,Colombia
Colombia-Amazonas-El_Encanto,Colombia
Colombia-Amazonas-La_Chorrera,Colombia
Colombia-Amazonas-La_Pedrera,Colombia
Colombia-Amazonas-La_Victoria,Colombia
Colombia-Amazonas-Miriti_Parana,Colombia
Colombia-Amazonas-Puerto_Alegria,Colombia
Colombia-Amazonas-Puerto_Arica,Colombia
Colombia-Amazonas-Puerto_Narino,Colombia
Colombia-Amazonas-Puerto_Santander,Colombia
Colombia-Amazonas-Tarapaca,Colombia
Colombia-Guainia-Inirida,Colombia
Colombia-Guainia-Barranco_Minas,Colombia
Colombia-Guainia-Mapiripana,Colombia
Colombia-Guainia-San_Felipe,Colombia
Colombia-Guainia-Puerto_Colombia,Colombia
Colombia-Guainia-La_Guadalupe,Colombia
Colombia-Guainia-Cacahual,Colombia
Colombia-Guainia-Pana_Pana,Colombia
Colombia-Guainia-Morichal,Colombia
Colombia-Guaviare-San_Jose_Del_Guaviare,Colombia
Colombia-Guaviare-Calamar,Colombia
Colombia-Guaviare-El_Retorno,Colombia
Colombia-Guaviare-Miraflores,Colombia
Colombia-Vaupes-Mitu,Colombia
Colombia-Vaupes-Caruru,Colombia
Colombia-Vaupes-Pacoa,Colombia
Colombia-Vaupes-Taraira,Colombia
Colombia-Vaupes-Papunaua,Colombia
Colombia-Vaupes-Yavarate,Colombia
Colombia-Vichada-Puerto_Carreno,Colombia
Colombia-Vichada-La_Primavera,Colombia
Colombia-Vichada-Santa_Rosalia,Colombia
Colombia-Vichada-Cumaribo,Colombia
Colombia-Desconocido-Desconocido,Colombia
Colombia-Bogota-Bogota,Colombia
Colombia-Bogota-Usaquen_Los_Cedros,Colombia
Colombia-Bogota-Usaquen_Santa_Barbara,Colombia
Colombia-Bogota-Barrios_Unidos_Los_Andes,Colombia
Colombia-Bogota-Barrios_Unidos_12_De_Octubre,Colombia
Colombia-Bogota-San_Cristobal_Sociego,Colombia
Colombia-Bogota-Tunjuelito_Venecia,Colombia
Colombia-Bogota-Puente_Aranda_San_Rafael,Colombia
Colombia-Bogota-Kennedy_Americas,Colombia
Colombia-Bogota-Kennedy_Kennedy_Central,Colombia
Colombia-Bogota-Tunjuelito_Tunjuelito,Colombia
Colombia-Bogota-Ciudad_Bolivar_San_Francisco,Colombia
Colombia-Bogota-Engativa_Engativa,Colombia
Colombia-Bogota-Fontibon_Fontibon,Colombia
Colombia-Bogota-Bosa_Bosa_Central,Colombia
Colombia-Bogota-Bosa_Tintal_Sur,Colombia
Colombia-Bogota-La_Candelaria_La_Candelaria,Colombia
Colombia-Bogota-Chapinero_Chico_Lago,Colombia
Colombia-Bogota-Chapinero_Chapinero,Colombia
Colombia-Bogota-Teusaquillo_Teusaquillo,Colombia
Colombia-Bogota-Teusaquillo_La_Esmeralda,Colombia
Colombia-Bogota-Teusaquillo_Quinta_Paredes,Colombia
Colombia-Bogota-Teusaquillo_Ciudad_Salitre_Oriental,Colombia
Colombia-Sucre-Tolu,Colombia
Colombia-Sucre-Toluviejo,Colombia
Colombia-Tolima-Armero_Guayabal,Colombia
Colombia-Valle,Colombia
Colombia-Bolivar,Colombia
Colombia-Norte_Santander,Colombia
Colombia-Barranquilla,Colombia
Colombia-Huila,Colombia
Colombia-Santander,Colombia
Colombia-Cordoba,Colombia
Colombia-Meta,Colombia
Colombia-Tolima,Colombia
Colombia-Atlantico,Colombia
Colombia-Cesar,Colombia
Colombia-Antioquia,Colombia
Colombia-Casanare,Colombia
Colombia-Santa_Marta,Colombia
Colombia-Sucre,Colombia
Colombia-Magdalena,Colombia
Colombia-Bogota,Colombia
Colombia-Caqueta,Colombia
Colombia-Cundinamarca,Colombia
Colombia-Arauca,Colombia
Colombia-Guajira,Colombia
Colombia-Risaralda,Colombia
Colombia-Putumayo,Colombia
Colombia-Cartagena,Colombia
Colombia-Cauca,Colombia
Colombia-Quindio,Colombia
Colombia-Caldas,Colombia
Colombia-Amazonas,Colombia
Colombia-Boyaca,Colombia
Colombia-San_Andres,Colombia
Colombia-Buenaventura,Colombia
Colombia-Narino,Colombia
Colombia-Guaviare,Colombia
Colombia-Vichada,Colombia
Colombia-Choco,Colombia
Colombia-Vaupes,Colombia
Colombia-Guainia,Colombia
Colombia-Exterior,Colombia
Colombia-unknown,Colombia
Colombia-desconocido,Colombia
Dominican_Republic-Azua-Compostela,Dominican Republic
Dominican_Republic-Barahona,Dominican Republic
Dominican_Republic-Barahona,Dominican Republic
Dominican_Republic-Barahona,Dominican Republic
Dominican_Republic-Barahona,Dominican Republic
Dominican_Republic-Distrito_Nacional,Dominican Republic
Dominican_Republic-Distrito_Nacional,Dominican Republic
Dominican_Republic-Distrito_Nacional,Dominican Republic
Dominican_Republic-Distrito_Nacional,Dominican Republic
Dominican_Republic-Independencia,Dominican Republic
Dominican_Republic-Independencia,Dominican Republic
Dominican_Republic-Independencia,Dominican Republic
Dominican_Republic-Independencia,Dominican Republic
Dominican_Republic-Jimani_de_Independencia,Dominican Republic
Dominican_Republic-Luperon-Puerto_Plata,Dominican Republic
Dominican_Republic-Santa_Cruz-Barahona,Dominican Republic
Dominican_Republic-Santiago-Caballeros,Dominican Republic
Dominican_Republic-Santo_Domingo,Dominican Republic
Dominican_Republic-Santo_Domingo,Dominican Republic
Dominican_Republic-Santo_Domingo,Dominican Republic
Dominican_Republic-Santo_Domingo,Dominican Republic
Dominican_Republic-Santo_Domingo_Norte,Dominican Republic
Dominican_Republic-Santo_Domingo_Este,Dominican Republic
Dominican_Republic-Santo_Domingo_Oeste,Dominican Republic
Dominican_Republic-Azua,Dominican Republic
Dominican_Republic-Baoruco,Dominican Republic
Dominican_Republic-Dajabon,Dominican Republic
Dominican_Republic-Duarte,Dominican Republic
Dominican_Republic-Elias_Pina,Dominican Republic
Dominican_Republic-El_Seibo,Dominican Republic
Dominican_Republic-Espaillat,Dominican Republic
Dominican_Republic-La_Altagracia,Dominican Republic
Dominican_Republic-La_Romana,Dominican Republic
Dominican_Republic-La_Vega,Dominican Republic
Dominican_Republic-Maria_Trinidad_Sanchez,Dominican Republic
Dominican_Republic-Monte_Cristi,Dominican Republic
Dominican_Republic-Pedernales,Dominican Republic
Dominican_Republic-Peravia,Dominican Republic
Dominican_Republic-Puerto_Plata,Dominican Republic
Dominican_Republic-Hermanas_Mirabal,Dominican Republic
Dominican_Republic-Samana,Dominican Republic
Dominican_Republic-San_Cristobal,Dominican Republic
Dominican_Republic-San_Juan,Dominican Republic
Dominican_Republic-San_Pedro_de_Macoris,Dominican Republic
Dominican_Republic-Sanchez_Ramirez,Dominican Republic
Dominican_Republic-Santiago,Dominican Republic
Dominican_Republic-Santiago-Rodriguez,Dominican Republic
Dominican_Republic-Valverde,Dominican Republic
Dominican_Republic-Monsenor_Nouel,Dominican Republic
Dominican_Republic-Monte_Plata,Dominican Republic
Dominican_Republic-Hato_Mayor,Dominican Republic
Dominican_Republic-San_Jose_de_Ocoa,Dominican Republic
Dominican_Republic-Extranjera,Dominican Republic
Dominican_Republic-Other,Dominican Republic
Ecuador-Azuay-Cuenca,Ecuador
Ecuador-Bolivar,Ecuador
Ecuador-Chimborazo-Chunchi,Ecuador
Ecuador-Cotopaxi,Ecuador
Ecuador-El_Oro-Huaquillas,Ecuador
Ecuador-El_Oro-Machala,Ecuador
Ecuador-El_Oro-Pasaje,Ecuador
Ecuador-El_Oro-Santa_Rosa,Ecuador
Ecuador-Esmeraldas-Esmeraldas,Ecuador
Ecuador-Esmeraldas-Atacames,Ecuador
Ecuador-Esmeraldas-Muisne,Ecuador
Ecuador-Esmeraldas-Quininde,Ecuador
Ecuador-Esmeraldas-San_Lorenzo,Ecuador
Ecuador-Esmeraldas-Rioverde,Ecuador
Ecuador-Galapagos-Santa_Cruz,Ecuador
Ecuador-Imbabura-Otavalo,Ecuador
Ecuador-Guayas-Daule,Ecuador
Ecuador-Guayas-General_Antonio_Elizalde,Ecuador
Ecuador-Guayas-Guayaquil,Ecuador
Ecuador-Guayas-Playas,Ecuador
Ecuador-Guayas-Balzar,Ecuador
Ecuador-Los_Rios-Buena_Fe,Ecuador
Ecuador-Los_Rios-Quevedo,Ecuador
Ecuador-Los_Rios-Ventanas,Ecuador
Ecuador-Los_Rios-Vinces,Ecuador
Ecuador-Manabi-Jipijapa,Ecuador
Ecuador-Los_Rios-Jaramijo,Ecuador
Ecuador-Manabi-Chone,Ecuador
Ecuador-Manabi-Manta,Ecuador
Ecuador-Manabi-Pajan,Ecuador
Ecuador-Manabi-Pedernales,Ecuador
Ecuador-Manabi-Portoviejo,Ecuador
Ecuador-Manabi-Puerto_Lopez,Ecuador
Ecuador-Manabi-Rocafuerte,Ecuador
Ecuador-Manabi-Santa_Ana,Ecuador
Ecuador-Manabi-San_Vicente,Ecuador
Ecuador-Manabi-24_de_Mayo,Ecuador
Ecuador-Manabi-Tosagua,Ecuador
Ecuador-Manabi-Sucre,Ecuador
Ecuador-Orellana_Joya_de_los_Sachas,Ecuador
Ecuador-Pichincha-Mejia,Ecuador
Ecuador-Pichincha-Quito,Ecuador
Ecuador-Pichincha-Cayambe,Ecuador
Ecuador-Santa_Elena,Ecuador
Ecuador-Santo_Domingo_de_los_Tsachilas-La_Concordia,Ecuador
Ecuador-Santo_Domingo_de_los_Tsachilas-Santo_Domingo,Ecuador
Ecuador-Sucumbios-Shushufindi,Ecuador
Ecuador-Sucumbios-Lago_Agrio,Ecuador
Ecuador-Azuay,Ecuador
Ecuador-Esmeraldas,Ecuador
Ecuador-Chimborazo,Ecuador
Ecuador-Galapagos,Ecuador
Ecuador-Orellana,Ecuador
Ecuador-Guayas,Ecuador
Ecuador-Pichincha,Ecuador
Ecuador-Los_Rios,Ecuador
Ecuador-Santo_Domingo_de_los_Tsachilas,Ecuador
Ecuador-Sucumbios,Ecuador
Ecuador-El_Oro,Ecuador
Ecuador-Manabi,Ecuador
Ecuador-Loja,Ecuador
Ecuador-Napo,Ecuador
Ecuador-Canar,Ecuador
Ecuador-Imbabura,Ecuador
Ecuador-Carchi,Ecuador
Ecuador-Manabi-Montecristi,Ecuador
Ecuador-Tungurahua,Ecuador
El_Salvador-Ahuachapan,El Salvador
El_Salvador-Cabanas,El Salvador
El_Salvador-Chalatenango,El Salvador
El_Salvador-Cuscatlan,El Salvador
El_Salvador-La_Libertad,El Salvador
El_Salvador-La_Paz,El Salvador
El_Salvador-La_Union,El Salvador
El_Salvador-Morazan,El Salvador
El_Salvador-San_Miguel,El Salvador
El_Salvador-San_Salvador,El Salvador
El_Salvador-San_Vicente,El Salvador
El_Salvador-Santa_Ana,El Salvador
El_Salvador-Sonsonate,El Salvador
El_Salvador-Usulutan,El Salvador
El_Salvador-Guatemala,El Salvador
El_Salvador-Honduras,El Salvador
Guatemala-Chiquimula,Guatemala
Guatemala-Chimaltenango,Guatemala
Guatemala-Escuintla,Guatemala
Guatemala-Suchitepequez,Guatemala
Guatemala-Zacapa,Guatemala
Guatemala-Jutiapa,Guatemala
Guatemala-Nor_Oriente,Guatemala
Guatemala-Alta_Verapaz,Guatemala
Guatemala-Baja_Verapaz,Guatemala
Guatemala-Izabal,Guatemala
Guatemala-Ixcan,Guatemala
Guatemala-Jalapa,Guatemala
Guatemala-Peten_Norte,Guatemala
Guatemala-Quetzaltenango,Guatemala
Guatemala-San_Marcos,Guatemala
Guatemala-Sur,Guatemala
Guatemala-Nor_Occidente,Guatemala
Guatemala-Peten_Sur_Oriental,Guatemala
Guatemala-El_Progreso,Guatemala
Guatemala-Santa_Rosa,Guatemala
Guatemala-Retalhuleu,Guatemala
Guatemala-Sacatepequez,Guatemala
Guatemala-Solola,Guatemala
Guatemala-El_Quiche,Guatemala
Guatemala-Peten_Sur_Occidental,Guatemala
Guatemala-Central,Guatemala
Guatemala-Ixil,Guatemala
Guatemala-Huehuetenango,Guatemala
Guatemala-Totonicapan,Guatemala
Guatemala-Quiche,Guatemala
Haiti-Artibonite-Desssalines_Marchand,Haiti
Haiti-Artibonite-Ennery,Haiti
Haiti-Artibonite-Gonaives,Haiti
Haiti-Artibonite-Verrettes,Haiti
Haiti-Artibonite,Haiti
Haiti-Centre-Hinche,Haiti
Haiti-Centre-Maissade,Haiti
Haiti-Centre-Mirebalais,Haiti
Haiti-Centre,Haiti
Haiti-Grande_Anse-Corail,Haiti
Haiti-Grande_Anse-Dame_Marie,Haiti
Haiti-Grande_Anse-Roseaux,Haiti
Haiti-Grande_Anse,Haiti
Haiti-Nippes-Fond_Des_Negres,Haiti
Haiti-Nippes-Miragoane,Haiti
Haiti-Nippes,Haiti
Haiti-Nord-Cap_Haitien,Haiti
Haiti-Nord-Limbe,Haiti
Haiti-Nord-Milot,Haiti
Haiti-Nord-Pignon,Haiti
Haiti-Nord-Plaine_du_Nord,Haiti
Haiti-Nord-Plaisance,Haiti
Haiti-Nord,Haiti
Haiti-Nord_Est-Ouanaminthe,Haiti
Haiti-Nord_Est,Haiti
Haiti-Nord_Ouest-La_Tortue,Haiti
Haiti-Nord_Ouest-Saint_Louis_du_Nord,Haiti
Haiti-Nord_Ouest,Haiti
Haiti-Ouest-Carrefour,Haiti
Haiti-Ouest-Croix_des_Bouquets,Haiti
Haiti-Ouest-Delmas,Haiti
Haiti-Ouest-Petion_Ville,Haiti
Haiti-Ouest-Petit_Goave,Haiti
Haiti-Ouest-Port_au_Prince,Haiti
Haiti-Ouest,Haiti
Haiti-Sud-Aquin,Haiti
Haiti-Sud,Haiti
Haiti-Sud_Est-Anse_A_Pitres,Haiti
Haiti-Sud_Est-Cotes_de_Fer,Haiti
Haiti-Sud_Est-Marigot,Haiti
Haiti-Sud_Est,Haiti
Mexico-Aguascalientes,Mexico
Mexico-Baja_California,Mexico
Mexico-Baja_California_Sur,Mexico
Mexico-Campeche,Mexico
Mexico-Chiapas,Mexico
Mexico-Chihuahua,Mexico
Mexico-Coahuila_de_Zaragoza,Mexico
Mexico-Colima,Mexico
Mexico-Distrito_Federal,Mexico
Mexico-Durango,Mexico
Mexico-Guanajuato,Mexico
Mexico-Guerrero,Mexico
Mexico-Hidalgo,Mexico
Mexico-Jalisco,Mexico
Mexico-Mexico,Mexico
Mexico-Michoacan_de_Ocampo,Mexico
Mexico-Morelos,Mexico
Mexico-Nayarit,Mexico
Mexico-Nuevo_Leon,Mexico
Mexico-Oaxaca,Mexico
Mexico-Puebla,Mexico
Mexico-Queretaro_de_Arteaga,Mexico
Mexico-Quintana_Roo,Mexico
Mexico-San_Luis_Potosi,Mexico
Mexico-Sinaloa,Mexico
Mexico-Sonora,Mexico
Mexico-Tabasco,Mexico
Mexico-Tamaulipas,Mexico
Mexico-Tlaxcala,Mexico
Mexico-Veracruz_de_Ignacio_de_la_Llave,Mexico
Mexico-Yucatan,Mexico
Mexico-Zacatecas,Mexico
Nicaragua-Chinandega,Nicaragua
Nicaragua-Chinandega-San_Pedro_del_Norte,Nicaragua
Nicaragua-Leon,Nicaragua
Nicaragua-Leon-Quetzalguaque,Nicaragua
Nicaragua-Leon-Telica,Nicaragua
Nicaragua-Managua,Nicaragua
Nicaragua-Managua-Ciudad_Sandino,Nicaragua
Nicaragua-Masaya-Masatepe,Nicaragua
Nicaragua-Masaya-Nindiri,Nicaragua
Nicaragua-Masaya-San_Juan_de_Oriente,Nicaragua
Nicaragua-Matagalpa,Nicaragua
Nicaragua-Nueva_Segovia-Ocotal,Nicaragua
Nicaragua-Rivas-Cardenas,Nicaragua
Nicaragua-Other,Nicaragua
Nicaragua-Rivas,Nicaragua
Nicaragua-Masaya,Nicaragua
Nicaragua-Carazo,Nicaragua
Nicaragua-Granada,Nicaragua
Nicaragua-Nueva_Segovia,Nicaragua
Nicaragua-Jinotega,Nicaragua
Panama-Kuna_Yala-Acuatupu,Panama
Panama-Kuna_Yala-Mulatupu,Panama
Panama-Kuna_Yala-Ogobsucum,Panama
Panama-Kuna_Yala-Ustupu,Panama
Panama-Kuna_Yala-Achutupu,Panama
Panama-Kuna_Yala-Pto_Obaldia,Panama
Panama-Kuna_Yala-Playon_Chico,Panama
Panama-Kuna_Yala-Nargana,Panama
Panama-Kuna_Yala-Corazon_de_Jesus,Panama
Panama-Kuna_Yala-Rio_Azucar,Panama
Panama-Kuna_Yala-Rio_Sidra,Panama
Panama-Kuna_Yala-Carti_Sugdup,Panama
Panama-Kuna_Yala-Ailigandi,Panama
Panama-Kuna_Yala-Ailitupu,Panama
Panama-Kuna_Yala-Nalugena,Panama
Panama-Kuna_Yala-Mamitupu,Panama
Panama-Kuna_Yala-Wichubhula,Panama
Panama-Kuna_Yala-Soledad_Miria,Panama
Panama-Kuna_Yala-Soledad_Miriam,Panama
Panama-Kuna_Yala-Naranjo_Chico,Panama
Panama-Metro-Tocumen,Panama
Panama-Metro-SanFrancisco,Panama
Panama-Metro-Man_anitas,Panama
Panama-Metro-Calidonia,Panama
Panama-Metro-Juan_Diaz,Panama
Panama-Metro-Parque_Lefevre,Panama
Panama-Metro-Santa_Ana,Panama
Panama-Metro-Rio_Abajo,Panama
Panama-Metro-Pueblo_Nuevo,Panama
Panama-Metro-Chorrillo,Panama
Panama-Metro-Bella_Vista,Panama
Panama-Metro-Bethania,Panama
Panama-Metro-Ancon,Panama
Panama-Metro-San_Felipe,Panama
Panama-Metro-Pedregal,Panama
Panama-Metro-24_de_Diciembre,Panama
Panama-Metro-Clayton,Panama
Panama-Metro-Costa_del_Este,Panama
Panama-Metro-Taboga,Panama
Panama-Metro-Las_Garzas,Panama
Panama-Metro-Arnulfo_Arias,Panama
Panama-Metro-Gamboa,Panama
Panama-Metro-Veracruz,Panama
Panama-Panama_Oeste-Gorgona,Panama
Panama-Panama_Oeste-Guadalupe,Panama
Panama-Panama_Oeste-Arraija_n,Panama
Panama-Panama_Oeste-La_Chorrera,Panama
Panama-Panama_Oeste-Playa_Leona,Panama
Panama-Panama_Oeste-El_Coco,Panama
Panama-Panama_Oeste-La_Mitra,Panama
Panama-Panama_Oeste-Vista_Alegre,Panama
Panama-Panama_Norte-las_cumbres,Panama
Panama-Panama_Norte-Chilibre,Panama
Panama-Panama_Norte-Ernesto_Cordoba,Panama
Panama-Colon-Salamanca,Panama
Panama-Colon-San_Juan,Panama
Panama-San_Miguelito-Villas_del_Golf,Panama
Panama-San_Miguelito-San_Jose,Panama
Panama-San_Miguelito-Quintas_de_Montichello,Panama
Panama-San_Miguelito-Mano_de_Piedra,Panama
Panama-San_Miguelito-Samaria,Panama
Panama-San_Miguelito-Altos_de_Panama,Panama
Panama-San_Miguelito-Camino_Real,Panama
Panama-San_Miguelito-Condado_del_Rey,Panama
Panama-San_Miguelito-Villa_Lucre,Panama
Panama-San_Miguelito-Brisas_del_Golf,Panama
Panama-San_Miguelito-Victoriano_Lorenzo,Panama
Panama-San_Miguelito-Omar_Torrijos,Panama
Panama-San_Miguelito-Ojo_de_Agua,Panama
Panama-San_Miguelito-Villa_Guadalupe,Panama
Panama-San_Los_Santos-La_Villa,Panama
Panama-Darien-Rio_Congo,Panama
Panama-Herrera-Chitre,Panama
Panama-Sin_Especificar,Panama
Panama-San_Miguelito,Panama
Panama-Chiriqui,Panama
Panama-Kuna_Yala,Panama
Panama-Metro,Panama
Panama-P_Oeste,Panama
Panama-Costa_del_Este,Panama
Panama-P.Este-Las_Margaritas,Panama
Panama-Veraguas-Santiago,Panama
Panama-Darien,Panama
Panama-Herrera,Panama
Panama-Ngabe_Bugle,Panama
Panama-Veraguas,Panama
Panama-Panama_Norte,Panama
Panama-Importados,Panama
Panama-Panama_Este,Panama
Panama-Bocas_del_Toro,Panama
Panama-Panama_Oeste,Panama
Panama-Los_Santos,Panama
Panama-Bocas_del_Toro-Bastimento,Panama
Panama-Bocas_del_Toro-Bocas_del_Toro,Panama
Panama-Cocle,Panama
Panama-Cocle-Rio_Hato,Panama
Panama-Colon,Panama
Panama-SD,Panama
United_States-Puerto_Rico,United States
United_States-Puerto_Rico,United States
United_States-Puerto_Rico,United States
United_States-Puerto_Rico,United States
United_States-Alabama,United States
United_States-Arizona,United States
United_States-Arkansas,United States
United_States-California,United States
United_States-Colorado,United States
United_States-Connecticut,United States
United_States-Delaware,United States
United_States-District_of_Columbia,United States
United_States-Florida,United States
United_States-Georgia,United States
United_States-Illinois,United States
United_States-Indiana,United States
United_States-Iowa,United States
United_States-Idaho,United States
United_States-Kansas,United States
United_States-Kentucky,United States
United_States-Louisiana,United States
United_States-Maine,United States
United_States-Maryland,United States
United_States-Massachusetts,United States
United_States-Michigan,United States
United_States-Minnesota,United States
United_States-Mississippi,United States
United_States-Missouri,United States
United_States-Montana,United States
United_States-Nebraska,United States
United_States-Nevada,United States
United_States-New_Hampshire,United States
United_States-New_Jersey,United States
United_States-New_Mexico,United States
United_States-New_York,United States
United_States-North_Carolina,United States
United_States-North_Dakota,United States
United_States-Ohio,United States
United_States-Oklahoma,United States
United_States-Oregon,United States
United_States-Pennsylvania,United States
United_States-Rhode_Island,United States
United_States-South_Carolina,United States
United_States-South_Dakota,United States
United_States-Tennessee,United States
United_States-Texas,United States
United_States-US_Virgin_Islands,United States
United_States-Utah,United States
United_States-Vermont,United States
United_States-Virginia,United States
United_States-Washington,United States
United_States-West_Virginia,United States
United_States-Wyoming,United States
United_States-Wisconsin,United States
United_States-Florida-Alachua_County,United States
United_States-Florida-Baker_County,United States
United_States-Florida-Bay_County,United States
United_States-Florida-Bradford_County,United States
United_States-Florida-Brevard_County,United States
United_States-Florida-Broward_County,United States
United_States-Florida-Calhoun_County,United States
United_States-Florida-Charlotte_County,United States
United_States-Florida-Citrus_County,United States
United_States-Florida-Clay_County,United States
United_States-Florida-Collier_County,United States
United_States-Florida-Columbia_County,United States
United_States-Florida-DeSoto_County,United States
United_States-Florida-Dixie_County,United States
United_States-Florida-Duval_County,United States
United_States-Florida-Escambia_County,United States
United_States-Florida-Flagler_County,United States
United_States-Florida-Franklin_County,United States
United_States-Florida-Gadsden_County,United States
United_States-Florida-Gilchrist_County,United States
United_States-Florida-Glades_County,United States
United_States-Florida-Gulf_County,United States
United_States-Florida-Hamilton_County,United States
United_States-Florida-Hardee_County,United States
United_States-Florida-Hendry_County,United States
United_States-Florida-Hernando_County,United States
United_States-Florida-Highlands_County,United States
United_States-Florida-Hillsborough_County,United States
United_States-Florida-Holmes_County,United States
United_States-Florida-IndianRiver_County,United States
United_States-Florida-Jackson_County,United States
United_States-Florida-Jefferson_County,United States
United_States-Florida-Lafayette_County,United States
United_States-Florida-Lake_County,United States
United_States-Florida-Lee_County,United States
United_States-Florida-Leon_County,United States
United_States-Florida-Levy_County,United States
United_States-Florida-Liberty_County,United States
United_States-Florida-Madison_County,United States
United_States-Florida-Manatee_County,United States
United_States-Florida-Marion_County,United States
United_States-Florida-Martin_County,United States
United_States-Florida-Miami_Dade_County,United States
United_States-Florida-Monroe_County,United States
United_States-Florida-Nassau_County,United States
United_States-Florida-Okaloosa_County,United States
United_States-Florida-Okeechobee_County,United States
United_States-Florida-Orange_County,United States
United_States-Florida-Osceola_County,United States
United_States-Florida-PalmBeach_County,United States
United_States-Florida-Pasco_County,United States
United_States-Florida-Pinellas_County,United States
United_States-Florida-Polk_County,United States
United_States-Florida-Putnam_County,United States
United_States-Florida-SantaRosa_County,United States
United_States-Florida-Sarasota_County,United States
United_States-Florida-Seminole_County,United States
United_States-Florida-StJohns_County,United States
United_States-Florida-StLucie_County,United States
United_States-Florida-Sumter_County,United States
United_States-Florida-Suwannee_County,United States
United_States-Florida-Taylor_County,United States
United_States-Florida-Union_County,United States
United_States-Florida-Volusia_County,United States
United_States-Florida-Wakulla_County,United States
United_States-Florida-Walton_County,United States
United_States-Florida-Washington_County,United States
United_States_Virgin_Islands,United States
United_States_Virgin_Islands-Saint_Thomas,United States
United_States_Virgin_Islands-Saint_Croix,United States
United_States_Virgin_Islands-Saint_John,United States
