location,mosquito_dist
Argentina-Buenos_Aires,0.008009055596170215
Argentina-CABA,0.008009055596170215
Argentina-Cordoba,0.0004803588700995489
Argentina-Entre_Rios,1.244226382402388
Argentina-Santa_Fe,0.7427027311368349
Argentina-Chaco,3.194624276192823
Argentina-Corrientes,3.3308250803096193
Argentina-Formosa,0.9691421697938509
Argentina-Misiones,0.8428627044480145
Argentina-Catamarca,1.1887504914058156
Argentina-Jujuy,0.40541223632508816
Argentina-Salta,1.339391324349364
Argentina-Sgo_Del_Estero,4.529602375993942e-05
Argentina-Tucuman,0.004004994565129808
Argentina-La_Rioja,3.7495783072068445
Argentina-San_Luis,3.9463901760977502
Argentina-Mendoza,7.565935998255629
Argentina-San_Juan,3.8781598940895674
Argentina-Chubut,27.500226467616415
Argentina-La_Pampa,19.6367102553601
Argentina-Rio_Negro,28.754121031992725
Argentina-Santa_Cruz,162.35023325426636
Argentina-Neuquen,8.72510720000595e-05
Argentina-Tierra_del_Fuego,251.46889180311726
Brazil-Alagoas,0.0035098035638901487
Brazil-Bahia,0.012899325463839673
Brazil-Ceara,0.02608457686609931
Brazil-Maranhao,0.016896818292849943
Brazil-Paraiba,0.005029171979060142
Brazil-Pernambuco,0.024792295768290003
Brazil-Piaui,0.024572919904972866
Brazil-Rio_Grande_do_Norte,0.023069383397089423
Brazil-Sergipe,0.004392900019170269
Brazil-Espirito_Santo,0.0013391779231699233
Brazil-Minas_Gerais,0.013333084632641273
Brazil-Rio_de_Janeiro,0.012918629013139607
Brazil-Sao_Paulo,0.010174866424369855
Brazil-Acre,0.015329529875049912
Brazil-Amapa,0.1770422609485003
Brazil-Amazonas,1.0993008379164502
Brazil-Para,0.7264180802254497
Brazil-Rondonia,0.25045169522381033
Brazil-Roraima,0.05414252388844959
Brazil-Tocantins,0.03565376200676057
Brazil-Distrito_Federal,0.00454724534941046
Brazil-Goias,0.010103842403299593
Brazil-Mato_Grosso,0.10780195719044247
Brazil-Mato_Grosso_do_Sul,0.11656483910985743
Brazil-Parana,0.012635445307689754
Brazil-Santa_Catarina,0.007619829507999359
Brazil-Rio_Grande_do_Sul,0.0076021561605202955
Colombia-Antioquia-Medellin,0.00011083591061007086
Colombia-Antioquia-Abejorral,0.20601883985799965
Colombia-Antioquia-Abriaqui,0.3389755956249879
Colombia-Antioquia-Alejandria,0.1762442141689995
Colombia-Antioquia-Amaga,0.050944859498000206
Colombia-Antioquia-Amalfi,0.012743028625001627
Colombia-Antioquia-Andes,0.03331048631300142
Colombia-Antioquia-Angelopolis,0.030074673681997423
Colombia-Antioquia-Angostura,0.02452753714499466
Colombia-Antioquia-Anori,0.04250762821300092
Colombia-Antioquia-Santafe_De_Antioquia,0.11852462068199834
Colombia-Antioquia-Anza,0.056097598260999894
Colombia-Antioquia-Apartado,0.058282557985002134
Colombia-Antioquia-Arboletes,0.6544110847370058
Colombia-Antioquia-Argelia,0.26160727647698984
Colombia-Antioquia-Armenia,0.0006160384455999662
Colombia-Antioquia-Barbosa,0.06079092348200325
Colombia-Antioquia-Belmira,0.0822324848649994
Colombia-Antioquia-Bello,1.0869917130016681e-05
Colombia-Antioquia-Betania,0.39017365896200773
Colombia-Antioquia-Betulia,0.15465793729999242
Colombia-Antioquia-Ciudad_Bolivar,0.3275567416156066
Colombia-Antioquia-Briceno,0.5610944950250203
Colombia-Antioquia-Buritica,0.26555998746500414
Colombia-Antioquia-Caceres,0.5314676298659914
Colombia-Antioquia-Caicedo,0.1538488327969939
Colombia-Antioquia-Caldas,0.3570004880172017
Colombia-Antioquia-Campamento,0.025585815087608214
Colombia-Antioquia-Canasgordas,0.3858484285090005
Colombia-Antioquia-Caracoli,0.20280891340141127
Colombia-Antioquia-Caramanta,0.45573277178499894
Colombia-Antioquia-Carepa,0.12434141599081075
Colombia-Antioquia-El_Carmen_De_Viboral,0.07310510713999013
Colombia-Antioquia-Carolina,0.03151416228999768
Colombia-Antioquia-Caucasia,1.2317742324604095
Colombia-Antioquia-Chigorodo,0.19189617990099972
Colombia-Antioquia-Cisneros,0.11861101986500285
Colombia-Antioquia-Cocorna,0.17424757782899555
Colombia-Antioquia-Concepcion,0.09501733817000314
Colombia-Antioquia-Concordia,0.12938205975699904
Colombia-Antioquia-Copacabana,0.0033269257250005315
Colombia-Antioquia-Dabeiba,0.9177042628519891
Colombia-Antioquia-Don_Matias,0.048841209365003545
Colombia-Antioquia-Ebejico,0.02618696186099627
Colombia-Antioquia-El_Bagre,0.6809068876618105
Colombia-Antioquia-Entrerrios,0.05299893378000011
Colombia-Antioquia-Envigado,0.002840556003770965
Colombia-Antioquia-Fredonia,0.09590790407400179
Colombia-Antioquia-Frontino,0.5200410986529882
Colombia-Antioquia-Giraldo,0.27054849334499986
Colombia-Antioquia-Girardota,0.013675068973000463
Colombia-Antioquia-Gomez_Plata,0.03662095886499909
Colombia-Antioquia-Granada,0.19236622752200075
Colombia-Antioquia-Guadalupe,0.8356563205220003
Colombia-Antioquia-Guarne,0.017424943538000143
Colombia-Antioquia-Guatape,0.17362377285800093
Colombia-Antioquia-Heliconia,0.015379733096999701
Colombia-Antioquia-Hispania,0.29143059352999817
Colombia-Antioquia-Itagui,0.004744609760680926
Colombia-Antioquia-Ituango,0.43342169884898973
Colombia-Antioquia-Jardin,0.4506002806100037
Colombia-Antioquia-Jerico,0.22692887389300376
Colombia-Antioquia-La_Ceja,0.05616111463999843
Colombia-Antioquia-La_Estrella,0.010902923397001309
Colombia-Antioquia-La_Pintada,0.2251090497730005
Colombia-Antioquia-La_Union,0.15494573485802798
Colombia-Antioquia-Liborina,0.1772475440359937
Colombia-Antioquia-Maceo,0.20911967112500415
Colombia-Antioquia-Marinilla,0.0540814565329937
Colombia-Antioquia-Montebello,0.07692996366899962
Colombia-Antioquia-Murindo,1.2603870977000005
Colombia-Antioquia-Mutata,0.8186574647249978
Colombia-Antioquia-Narino,0.6214334044010086
Colombia-Antioquia-Necocli,0.11036957795999912
Colombia-Antioquia-Nechi,1.6474967504900095
Colombia-Antioquia-Olaya,0.14996342259999634
Colombia-Antioquia-Peque,0.5531026596739916
Colombia-Antioquia-Pueblorrico,0.2545572608420005
Colombia-Antioquia-Puerto_Berrio,0.011428780025000251
Colombia-Antioquia-Puerto_Nare,0.10456259408500095
Colombia-Antioquia-Puerto_Triunfo,0.0003693392960003488
Colombia-Antioquia-Remedios,0.2620932019810056
Colombia-Antioquia-Retiro,0.029840498749000438
Colombia-Antioquia-Rionegro,0.043641333793997886
Colombia-Antioquia-Sabanalarga,0.32624694192292547
Colombia-Antioquia-Sabaneta,0.007014164880999739
Colombia-Antioquia-Salgar,0.20630562825999882
Colombia-Antioquia-San_Andres_De_Cuerquia,0.24744984362498346
Colombia-Antioquia-San_Carlos,0.2189154179699896
Colombia-Antioquia-San_Francisco,0.14362736049999875
Colombia-Antioquia-San_Jeronimo,0.03878636444999619
Colombia-Antioquia-San_Jose_De_La_Montana,0.2545183659769882
Colombia-Antioquia-San_Juan_De_Uraba,0.4801619351780141
Colombia-Antioquia-San_Luis,0.14881437715699292
Colombia-Antioquia-San_Pedro,0.3818402441999998
Colombia-Antioquia-San_Pedro_De_Uraba,0.15361053409000466
Colombia-Antioquia-San_Rafael,0.284568564865004
Colombia-Antioquia-San_Roque,0.17330660269000353
Colombia-Antioquia-San_Vicente,0.05391262262500028
Colombia-Antioquia-Santa_Barbara,0.11955656324199995
Colombia-Antioquia-Santa_Rosa_De_Osos,0.1048516212420016
Colombia-Antioquia-Santo_Domingo,0.1589877882850001
Colombia-Antioquia-El_Santuario,0.09978714240200233
Colombia-Antioquia-Segovia,0.27520345584100664
Colombia-Antioquia-Sonson,0.3257670488079958
Colombia-Antioquia-Sopetran,0.059728059559998437
Colombia-Antioquia-Tamesis,0.3289644894020033
Colombia-Antioquia-Taraza,0.5570264436369924
Colombia-Antioquia-Tarso,0.1897855300340085
Colombia-Antioquia-Titiribi,0.06904173619999633
Colombia-Antioquia-Toledo,0.37737406776099897
Colombia-Antioquia-Turbo,2.582146225000741e-05
Colombia-Antioquia-Uramita,0.684165880249985
Colombia-Antioquia-Urrao,0.2648504834209969
Colombia-Antioquia-Valdivia,0.2223917913999975
Colombia-Antioquia-Valparaiso,0.3688914794119996
Colombia-Antioquia-Vegachi,0.15652314721700655
Colombia-Antioquia-Venecia,0.09291824133300132
Colombia-Antioquia-Vigia_Del_Fuerte,0.8680809610602039
Colombia-Antioquia-Yali,0.15211669210000134
Colombia-Antioquia-Yarumal,0.0656122359082063
Colombia-Antioquia-Yolombo,0.10022465090000185
Colombia-Antioquia-Yondo,0.3217048792496444
Colombia-Antioquia-Zaragoza,0.47835230845361365
Colombia-Barranquilla-Barranquilla,0.0016931616415303509
Colombia-Atlantico-Baranoa,3.627621700000956e-05
Colombia-Atlantico-Campo_De_La_Cruz,0.05453206237000004
Colombia-Atlantico-Candelaria,0.15879562699680938
Colombia-Atlantico-Galapa,9.423525799996561e-05
Colombia-Atlantico-Juan_De_Acosta,3.5140627999875625e-05
Colombia-Atlantico-Luruaco,0.06118893846899857
Colombia-Atlantico-Malambo,8.575902532001134e-05
Colombia-Atlantico-Manati,0.051987614761995926
Colombia-Atlantico-Palmar_De_Varela,0.003569747584000274
Colombia-Atlantico-Piojo,0.012678926740000167
Colombia-Atlantico-Polonuevo,0.002345194084999968
Colombia-Atlantico-Ponedera,0.003394244944999966
Colombia-Atlantico-Puerto_Colombia,0.005367967137000623
Colombia-Atlantico-Repelon,0.12116533107999976
Colombia-Atlantico-Sabanagrande,0.00012766284200006777
Colombia-Atlantico-Sabanalarga,0.32624694192292547
Colombia-Atlantico-Santa_Lucia,0.10371824870599909
Colombia-Atlantico-Santo_Tomas,0.0013601747970000931
Colombia-Atlantico-Soledad,9.099380295985142e-05
Colombia-Atlantico-Suan,0.07632771090499962
Colombia-Atlantico-Tubara,0.004600189960001028
Colombia-Atlantico-Usiacuri,0.00665720735300007
Colombia-Cartagena-Cartagena,8.045917274001651e-05
Colombia-Bolivar-Achi,2.478484660394206
Colombia-Bolivar-Altos_Del_Rosario,2.3810835427950257
Colombia-Bolivar-Arenal,1.316260353799995
Colombia-Bolivar-Arjona,0.0312309527049992
Colombia-Bolivar-Arroyohondo,0.16811514368199892
Colombia-Bolivar-Barranco_De_Loba,2.773355654799988
Colombia-Bolivar-Calamar,0.13418881023699802
Colombia-Bolivar-Cantagallo,0.17600355354099156
Colombia-Bolivar-Cicuco,1.7425804148000033
Colombia-Bolivar-Cordoba,1.3387916023490096
Colombia-Bolivar-Clemencia,0.05234402737681153
Colombia-Bolivar-El_Carmen_De_Bolivar,0.4871199793850024
Colombia-Bolivar-El_Guamo,0.10045753962499934
Colombia-Bolivar-El_Penon,0.15341607820999859
Colombia-Bolivar-Hatillo_De_Loba,2.7546604535586074
Colombia-Bolivar-Magangue,1.6881884563490408
Colombia-Bolivar-Mahates,0.11055858451300699
Colombia-Bolivar-Margarita,2.3484445448888915
Colombia-Bolivar-Maria_La_Baja,0.14080244394599728
Colombia-Bolivar-Montecristo,1.7609181672999887
Colombia-Bolivar-Mompos,1.948488915332009
Colombia-Bolivar-Norosi,1.5608332450530022
Colombia-Bolivar-Morales,0.4962271407400001
Colombia-Bolivar-Pinillos,2.869785758900006
Colombia-Bolivar-Regidor,1.7045615894899937
Colombia-Bolivar-Rio_Viejo,1.5280629361729905
Colombia-Bolivar-San_Cristobal,0.11888362672100095
Colombia-Bolivar-San_Estanislao,0.10742757800000789
Colombia-Bolivar-San_Fernando,2.088596284192011
Colombia-Bolivar-San_Jacinto,0.366761379665
Colombia-Bolivar-San_Jacinto_Del_Cauca,2.1135076344890726
Colombia-Bolivar-San_Juan_Nepomuceno,0.3050721131839995
Colombia-Bolivar-San_Martin_De_Loba,2.6635999025249975
Colombia-Bolivar-San_Pablo,0.1859339804329912
Colombia-Bolivar-Santa_Catalina,15.714404418516875
Colombia-Bolivar-Santa_Rosa,0.12170560674100102
Colombia-Bolivar-Santa_Rosa_Del_Sur,0.6216704617793007
Colombia-Bolivar-Simiti,0.5096937680170002
Colombia-Bolivar-Soplaviento,0.11842659666261293
Colombia-Bolivar-Talaigua_Nuevo,1.7001178867449973
Colombia-Bolivar-Tiquisio,1.9233232144999979
Colombia-Bolivar-Turbaco,0.008805250628000503
Colombia-Bolivar-Turbana,0.006380276885000118
Colombia-Bolivar-Villanueva,0.09936277393699919
Colombia-Bolivar-Zambrano,0.716089378916002
Colombia-Boyaca-Tunja,1.7314632492926785
Colombia-Boyaca-Almeida,0.7363939844000014
Colombia-Boyaca-Aquitania,2.04841173905721
Colombia-Boyaca-Arcabuco,1.429637058568002
Colombia-Boyaca-Belen,0.00045130353983974627
Colombia-Boyaca-Berbeo,1.3206854497569993
Colombia-Boyaca-Beteitiva,1.5358604172130021
Colombia-Boyaca-Boavita,0.8939497961650105
Colombia-Boyaca-Boyaca,1.710876501130001
Colombia-Boyaca-Briceno,0.5610944950250203
Colombia-Boyaca-Buenavista,0.030235684073000202
Colombia-Boyaca-Busbanza,1.6928810456770023
Colombia-Boyaca-Caldas,0.3570004880172017
Colombia-Boyaca-Campohermoso,0.9062696274650033
Colombia-Boyaca-Cerinza,1.3595662867108116
Colombia-Boyaca-Chinavita,1.1017471711249984
Colombia-Boyaca-Chiquinquira,0.7503802846660091
Colombia-Boyaca-Chiscas,0.6945434981414182
Colombia-Boyaca-Chita,1.272398362922008
Colombia-Boyaca-Chitaraque,1.053738448130006
Colombia-Boyaca-Chivata,1.936610073624997
Colombia-Boyaca-Cienega,0.25881633773200274
Colombia-Boyaca-Combita,1.8158317639730224
Colombia-Boyaca-Coper,0.39129181307699074
Colombia-Boyaca-Corrales,1.7174515713010094
Colombia-Boyaca-Covarachia,0.5166299647610039
Colombia-Boyaca-Cubara,0.9532284989959959
Colombia-Boyaca-Cucaita,1.4853131085800058
Colombia-Boyaca-Cuitiva,2.2217088560050007
Colombia-Boyaca-Chiquiza,1.4272176447400338
Colombia-Boyaca-Chivor,0.6140128253570012
Colombia-Boyaca-Duitama,1.6539398394893026
Colombia-Boyaca-El_Cocuy,0.9465716672910173
Colombia-Boyaca-El_Espino,0.8610383396000195
Colombia-Boyaca-Firavitoba,2.0926241612260026
Colombia-Boyaca-Floresta,1.6045114175450046
Colombia-Boyaca-Gachantiva,1.225256778356014
Colombia-Boyaca-Gameza,1.8077761918890045
Colombia-Boyaca-Garagoa,0.9396692193250011
Colombia-Boyaca-Guacamayas,0.8076132503300163
Colombia-Boyaca-Guateque,0.7585419331539972
Colombia-Boyaca-Guayata,0.6889534462529967
Colombia-Boyaca-Guican,0.9197096276930121
Colombia-Boyaca-Iza,2.2555122584020006
Colombia-Boyaca-Jenesano,1.5959861123449992
Colombia-Boyaca-Jerico,0.22692887389300376
Colombia-Boyaca-Labranzagrande,2.3076917605530056
Colombia-Boyaca-La_Capilla,0.9281519094489988
Colombia-Boyaca-La_Victoria,0.10635704924500927
Colombia-Boyaca-La_Uvita,0.9429640776400027
Colombia-Boyaca-Villa_De_Leyva,1.3155214523650203
Colombia-Boyaca-Macanal,0.7729367258769987
Colombia-Boyaca-Maripi,0.4525609406718124
Colombia-Boyaca-Miraflores,1.980327437511997
Colombia-Boyaca-Mongua,1.9408168275273707
Colombia-Boyaca-Mongui,1.9965903683570094
Colombia-Boyaca-Moniquira,1.0264496122690043
Colombia-Boyaca-Motavita,1.710987927805019
Colombia-Boyaca-Muzo,0.3281341498970056
Colombia-Boyaca-Nobsa,1.8366461616412133
Colombia-Boyaca-Nuevo_Colon,1.4794930821490153
Colombia-Boyaca-Oicata,1.8752209668584163
Colombia-Boyaca-Otanche,0.2645541523600111
Colombia-Boyaca-Pachavita,1.0342037030900009
Colombia-Boyaca-Paez,0.9103783075999936
Colombia-Boyaca-Paipa,1.7695396785250008
Colombia-Boyaca-Pajarito,1.5087721451708156
Colombia-Boyaca-Panqueba,0.8817083078172179
Colombia-Boyaca-Pauna,0.4970941940500147
Colombia-Boyaca-Paya,2.632579044999998
Colombia-Boyaca-Paz_De_Rio,1.398811643413221
Colombia-Boyaca-Pesca,2.16583124585
Colombia-Boyaca-Pisba,2.3280970938340166
Colombia-Boyaca-Puerto_Boyaca,0.01470390019400044
Colombia-Boyaca-Quipama,0.24426936274001046
Colombia-Boyaca-Ramiriqui,1.6536960139250014
Colombia-Boyaca-Raquira,1.0849211920560138
Colombia-Boyaca-Rondon,1.6346283062778046
Colombia-Boyaca-Saboya,0.8130058298500279
Colombia-Boyaca-Sachica,1.2887918281060053
Colombia-Boyaca-Samaca,1.4032723582450024
Colombia-Boyaca-San_Eduardo,1.3013148463120026
Colombia-Boyaca-San_Jose_De_Pare,0.8952704074740203
Colombia-Boyaca-San_Luis_De_Gaceno,0.5764795042000003
Colombia-Boyaca-San_Mateo,0.8208844191982179
Colombia-Boyaca-San_Miguel_De_Sema,0.9023464436900223
Colombia-Boyaca-San_Pablo_De_Borbur,0.38425776080001284
Colombia-Boyaca-Santana,0.9615263904999954
Colombia-Boyaca-Santa_Maria,0.3931236637273786
Colombia-Boyaca-Santa_Rosa_De_Viterbo,1.5470590133260151
Colombia-Boyaca-Santa_Sofia,1.1225096461450064
Colombia-Boyaca-Sativanorte,1.1275514710660084
Colombia-Boyaca-Sativasur,1.1998260502930134
Colombia-Boyaca-Siachoque,2.0023291932199974
Colombia-Boyaca-Soata,0.7910477505070154
Colombia-Boyaca-Socota,1.375421557445005
Colombia-Boyaca-Socha,1.4210948391250013
Colombia-Boyaca-Sogamoso,1.9786718772062564
Colombia-Boyaca-Somondoco,0.7373009125689987
Colombia-Boyaca-Sora,1.5018193272690277
Colombia-Boyaca-Sotaquira,1.789551934755993
Colombia-Boyaca-Soraca,1.7909542362020041
Colombia-Boyaca-Susacon,0.9584513641940025
Colombia-Boyaca-Sutamarchan,1.121471216105011
Colombia-Boyaca-Sutatenza,0.7944460272400022
Colombia-Boyaca-Tasco,1.5564998209160021
Colombia-Boyaca-Tenza,0.903387949296998
Colombia-Boyaca-Tibana,1.4152143518739975
Colombia-Boyaca-Tibasosa,1.9096406233000032
Colombia-Boyaca-Tinjaca,1.062700897444014
Colombia-Boyaca-Tipacoque,0.6590478269970103
Colombia-Boyaca-Toca,2.2041714054019934
Colombia-Boyaca-Togui,1.3335600528999816
Colombia-Boyaca-Topaga,1.8820382389250025
Colombia-Boyaca-Tota,2.1625490219450003
Colombia-Boyaca-Tunungua,0.5329615224490005
Colombia-Boyaca-Turmeque,1.3972988126600083
Colombia-Boyaca-Tuta,1.956907823404988
Colombia-Boyaca-Tutaza,1.2297267473300022
Colombia-Boyaca-Umbita,1.177829101299999
Colombia-Boyaca-Ventaquemada,1.3224195154730038
Colombia-Boyaca-Viracacha,1.7676973423849984
Colombia-Boyaca-Zetaquira,1.4707245404770013
Colombia-Caldas-Manizales,0.326561334060561
Colombia-Caldas-Aguadas,0.38779272378099716
Colombia-Caldas-Anserma,0.5129556021650002
Colombia-Caldas-Aranzazu,0.5942655735399993
Colombia-Caldas-Belalcazar,0.22517249976481077
Colombia-Caldas-Chinchina,0.21394012050000016
Colombia-Caldas-Filadelfia,0.6083122165560064
Colombia-Caldas-La_Dorada,0.0005197629370000416
Colombia-Caldas-La_Merced,0.6758530513420093
Colombia-Caldas-Manzanares,0.27182578729320817
Colombia-Caldas-Marmato,0.5564124052570001
Colombia-Caldas-Marquetalia,0.16805968039999636
Colombia-Caldas-Marulanda,0.37518001714380417
Colombia-Caldas-Neira,0.4378384260170032
Colombia-Caldas-Norcasia,0.0641491366099976
Colombia-Caldas-Pacora,0.4909971141859994
Colombia-Caldas-Palestina,0.24627394450000015
Colombia-Caldas-Pensilvania,0.24610856557599015
Colombia-Caldas-Riosucio,0.6572361382632124
Colombia-Caldas-Risaralda,0.5719476755873064
Colombia-Caldas-Salamina,0.6688901363400007
Colombia-Caldas-Samana,0.10470456321221769
Colombia-Caldas-San_Jose,0.31351922960000067
Colombia-Caldas-Supia,0.5903284129010032
Colombia-Caldas-Victoria,0.0754305255459954
Colombia-Caldas-Villamaria,0.29703676220200165
Colombia-Caldas-Viterbo,0.3078723787044154
Colombia-Caqueta-Florencia,3.9237926599969324e-05
Colombia-Caqueta-Albania,0.1398639604500007
Colombia-Caqueta-Belen_De_Los_Andaquies,0.10659524199999834
Colombia-Caqueta-Cartagena_Del_Chaira,0.654324424173806
Colombia-Caqueta-Curillo,0.4285654639300017
Colombia-Caqueta-El_Doncello,0.1038818273220065
Colombia-Caqueta-El_Paujil,0.07707284339340735
Colombia-Caqueta-La_Montanita,0.0464056719999973
Colombia-Caqueta-Milan,0.078134078899999
Colombia-Caqueta-Morelia,0.02826146767700054
Colombia-Caqueta-Puerto_Rico,0.2800932919489949
Colombia-Caqueta-San_Jose_Del_Fragua,0.21007019825297818
Colombia-Caqueta-San_Vicente_Del_Caguan,0.9272739709805153
Colombia-Caqueta-Solano,0.8478439644199771
Colombia-Caqueta-Solita,0.5326909965
Colombia-Caqueta-Valparaiso,0.3688914794119996
Colombia-Cauca-Popayan,1.019373864344741
Colombia-Cauca-Almaguer,1.5482187050449998
Colombia-Cauca-Argelia,0.26160727647698984
Colombia-Cauca-Balboa,1.9990309692199963
Colombia-Cauca-Bolivar,1.8949261521680796
Colombia-Cauca-Buenos_Aires,0.20598725562500092
Colombia-Cauca-Cajibio,0.6883864967200016
Colombia-Cauca-Caldono,0.4280000219409996
Colombia-Cauca-Caloto,0.1859614624970002
Colombia-Cauca-Corinto,0.14431265248498912
Colombia-Cauca-El_Tambo,1.079485770708997
Colombia-Cauca-Florencia,3.9237926599969324e-05
Colombia-Cauca-Guachene,0.11647028090880918
Colombia-Cauca-Guapi,2.636642126330013
Colombia-Cauca-Inza,1.013849151300001
Colombia-Cauca-Jambalo,0.49007892264500025
Colombia-Cauca-La_Sierra,1.6505619821000066
Colombia-Cauca-La_Vega,0.14702661350500032
Colombia-Cauca-Lopez,0.8950937127762035
Colombia-Cauca-Mercaderes,1.3535096912099995
Colombia-Cauca-Miranda,0.12405642151299655
Colombia-Cauca-Morales,0.4962271407400001
Colombia-Cauca-Padilla,0.09396425688840851
Colombia-Cauca-Paez,0.9103783075999936
Colombia-Cauca-Patia,1.9915670676259978
Colombia-Cauca-Piamonte,0.25911794810500277
Colombia-Cauca-Piendamo,0.871266058686005
Colombia-Cauca-Puerto_Tejada,0.06355651432499973
Colombia-Cauca-Purace,1.1121208067160542
Colombia-Cauca-Rosas,1.4603519050372116
Colombia-Cauca-San_Sebastian,1.3753753035920002
Colombia-Cauca-Santander_De_Quilichao,0.19285670648899988
Colombia-Cauca-Santa_Rosa,0.12170560674100102
Colombia-Cauca-Silvia,0.7231842598250002
Colombia-Cauca-Sotara,1.378859891336501
Colombia-Cauca-Suarez,0.2764042946414479
Colombia-Cauca-Sucre,2.813401874618001
Colombia-Cauca-Timbio,1.2307818905000019
Colombia-Cauca-Timbiqui,1.768927660771991
Colombia-Cauca-Toribio,0.3060488354228107
Colombia-Cauca-Totoro,0.8976987163809993
Colombia-Cauca-Villa_Rica,0.9841835572000039
Colombia-Cesar-Valledupar,0.32779963549826574
Colombia-Cesar-Aguachica,0.8331691778500002
Colombia-Cesar-Agustin_Codazzi,0.8813610016810058
Colombia-Cesar-Astrea,1.842782354508997
Colombia-Cesar-Becerril,1.5912274123540064
Colombia-Cesar-Bosconia,1.1751063530050097
Colombia-Cesar-Chimichagua,2.711834946149412
Colombia-Cesar-Chiriguana,2.8984723932960086
Colombia-Cesar-Curumani,2.856771411686815
Colombia-Cesar-El_Copey,0.8665201028649985
Colombia-Cesar-El_Paso,1.930498046995965
Colombia-Cesar-Gamarra,0.9046471678249984
Colombia-Cesar-Gonzalez,0.9946803242499987
Colombia-Cesar-La_Gloria,1.5746973422929986
Colombia-Cesar-La_Jagua_De_Ibirico,2.005107847697706
Colombia-Cesar-Manaure,0.19598322481300112
Colombia-Cesar-Pailitas,2.4485047587129967
Colombia-Cesar-Pelaya,1.686705163089995
Colombia-Cesar-Pueblo_Bello,0.7812946246200383
Colombia-Cesar-Rio_De_Oro,0.8123769183129991
Colombia-Cesar-La_Paz,0.6984791306380038
Colombia-Cesar-San_Alberto,0.14168383265800213
Colombia-Cesar-San_Diego,0.4185393082000041
Colombia-Cesar-San_Martin,0.08317704092799987
Colombia-Cesar-Tamalameque,2.233276507039999
Colombia-Cordoba-Monteria,1.148771853100052
Colombia-Cordoba-Ayapel,2.0731199730640095
Colombia-Cordoba-Buenavista,0.030235684073000202
Colombia-Cordoba-Canalete,0.7132923270820034
Colombia-Cordoba-Cerete,1.5064718709140181
Colombia-Cordoba-Chima,0.6504289324999986
Colombia-Cordoba-Chinu,1.4159771010249962
Colombia-Cordoba-Cienaga_De_Oro,1.8363207504490202
Colombia-Cordoba-Cotorra,1.6375192442899973
Colombia-Cordoba-La_Apartada,1.4115465646019918
Colombia-Cordoba-Lorica,1.1936773375443004
Colombia-Cordoba-Los_Cordobas,0.7730848745000024
Colombia-Cordoba-Momil,1.1281076748940089
Colombia-Cordoba-Montelibano,1.281280990489997
Colombia-Cordoba-Monitos,1.4613817546399925
Colombia-Cordoba-Planeta_Rica,1.4110179233050193
Colombia-Cordoba-Pueblo_Nuevo,1.6587699536810208
Colombia-Cordoba-Puerto_Escondido,1.0446712066850041
Colombia-Cordoba-Puerto_Libertador,1.1665639654400264
Colombia-Cordoba-Purisima,1.1504477036199996
Colombia-Cordoba-Sahagun,1.7993530254499972
Colombia-Cordoba-San_Andres_Sotavento,1.3071571943380003
Colombia-Cordoba-San_Antero,0.8947706274529997
Colombia-Cordoba-San_Bernardo_Del_Viento,1.0667382995038905
Colombia-Cordoba-San_Carlos,0.2189154179699896
Colombia-Cordoba-San_Jose_De_Ure,0.9683248870569933
Colombia-Cordoba-San_Pelayo,1.5362431614888323
Colombia-Cordoba-Tierralta,0.45092833801000115
Colombia-Cordoba-Tuchin,1.2173568016999998
Colombia-Cordoba-Valencia,0.36338063210761307
Colombia-Cundinamarca-Agua_De_Dios,0.022833089344000527
Colombia-Cundinamarca-Alban,0.05685176148799971
Colombia-Cundinamarca-Anapoima,0.010826004589000248
Colombia-Cundinamarca-Anolaima,0.014855924967999957
Colombia-Cundinamarca-Arbelaez,0.13051132904500085
Colombia-Cundinamarca-Beltran,0.09932595750500141
Colombia-Cundinamarca-Bituima,0.059079984799999125
Colombia-Cundinamarca-Bojaca,0.02501948810000091
Colombia-Cundinamarca-Cabrera,0.19909898486100297
Colombia-Cundinamarca-Cachipay,0.044250985999999506
Colombia-Cundinamarca-Cajica,0.2752505374900023
Colombia-Cundinamarca-Caparrapi,0.04299902212500197
Colombia-Cundinamarca-Caqueza,0.1594065272376094
Colombia-Cundinamarca-Carmen_De_Carupa,0.6010002314450023
Colombia-Cundinamarca-Chaguani,0.11118813409699863
Colombia-Cundinamarca-Chia,0.24047117164792686
Colombia-Cundinamarca-Chipaque,0.21552525521920748
Colombia-Cundinamarca-Choachi,0.22345352730499807
Colombia-Cundinamarca-Choconta,0.8722701426482153
Colombia-Cundinamarca-Cogua,0.4210770425450068
Colombia-Cundinamarca-Cota,0.16325287208198763
Colombia-Cundinamarca-Cucunuba,0.8554515039380016
Colombia-Cundinamarca-El_Colegio,0.10050910930000068
Colombia-Cundinamarca-El_Penon,0.15341607820999859
Colombia-Cundinamarca-El_Rosal,0.08714725347600397
Colombia-Cundinamarca-Facatativa,0.042348472337002015
Colombia-Cundinamarca-Fomeque,0.1786074343849993
Colombia-Cundinamarca-Fosca,0.1250554268649986
Colombia-Cundinamarca-Funza,0.07236852934100084
Colombia-Cundinamarca-Fuquene,0.7667479700730155
Colombia-Cundinamarca-Fusagasuga,0.09284064643299964
Colombia-Cundinamarca-Gachala,0.30699795642099814
Colombia-Cundinamarca-Gachancipa,0.482901004126021
Colombia-Cundinamarca-Gacheta,0.4448652944199994
Colombia-Cundinamarca-Gama,0.3749716561299991
Colombia-Cundinamarca-Girardot,3.0990690770025435e-05
Colombia-Cundinamarca-Granada,0.19236622752200075
Colombia-Cundinamarca-Guacheta,0.9708079353460126
Colombia-Cundinamarca-Guaduas,0.15203715900200085
Colombia-Cundinamarca-Guasca,0.40280858929999463
Colombia-Cundinamarca-Guataqui,0.04737576985700007
Colombia-Cundinamarca-Guatavita,0.4916715519050082
Colombia-Cundinamarca-Guayabal_De_Siquima,0.05680523441800016
Colombia-Cundinamarca-Guayabetal,0.034857547599997166
Colombia-Cundinamarca-Gutierrez,0.13459712064499355
Colombia-Cundinamarca-Jerusalen,0.05426998287999803
Colombia-Cundinamarca-Junin,0.41144713951299927
Colombia-Cundinamarca-La_Calera,0.25785450560199685
Colombia-Cundinamarca-La_Mesa,5.3413804999769106e-05
Colombia-Cundinamarca-La_Palma,0.08640250197800345
Colombia-Cundinamarca-La_Pena,0.13881421118164544
Colombia-Cundinamarca-La_Vega,0.14702661350500032
Colombia-Cundinamarca-Lenguazaque,0.9387650673502206
Colombia-Cundinamarca-Macheta,0.8672538867399965
Colombia-Cundinamarca-Madrid,0.051744203338609865
Colombia-Cundinamarca-Manta,0.7467463293049981
Colombia-Cundinamarca-Medina,0.2069321848099993
Colombia-Cundinamarca-Mosquera,0.06191215142600402
Colombia-Cundinamarca-Narino,0.6214334044010086
Colombia-Cundinamarca-Nemocon,0.5295817313769979
Colombia-Cundinamarca-Nilo,0.032477265145999655
Colombia-Cundinamarca-Nimaima,0.18559640500000385
Colombia-Cundinamarca-Nocaima,0.19245961225000013
Colombia-Cundinamarca-Venecia,0.09291824133300132
Colombia-Cundinamarca-Pacho,0.3484950401480008
Colombia-Cundinamarca-Paime,0.2738003682410069
Colombia-Cundinamarca-Pandi,0.11008235850099939
Colombia-Cundinamarca-Paratebueno,0.14443626223300451
Colombia-Cundinamarca-Pasca,0.13226523602900095
Colombia-Cundinamarca-Puerto_Salgar,0.0006027796450000691
Colombia-Cundinamarca-Puli,0.06115505388541162
Colombia-Cundinamarca-Quebradanegra,0.1467971853770027
Colombia-Cundinamarca-Quetame,0.08220345188899614
Colombia-Cundinamarca-Quipile,0.019004856999998355
Colombia-Cundinamarca-Apulo,0.02711842963999992
Colombia-Cundinamarca-Rafael_Reyes_Apulo,0.027310670136010178
Colombia-Cundinamarca-Ricaurte,0.0012818945059988951
Colombia-Cundinamarca-San_Antonio_Del_Tequendama,0.014077927382021786
Colombia-Cundinamarca-San_Bernardo,0.3942689413456768
Colombia-Cundinamarca-San_Cayetano,0.38249258208801123
Colombia-Cundinamarca-San_Francisco,0.14362736049999875
Colombia-Cundinamarca-San_Juan_De_Rio_Seco,0.06600008969000093
Colombia-Cundinamarca-Sasaima,0.10623334078900125
Colombia-Cundinamarca-Sesquile,0.6172721074489966
Colombia-Cundinamarca-Sibate,0.06540197367700136
Colombia-Cundinamarca-Silvania,0.06258708392400021
Colombia-Cundinamarca-Simijaca,0.6720699750850162
Colombia-Cundinamarca-Soacha,0.0689300133575448
Colombia-Cundinamarca-Sopo,0.35198288065080907
Colombia-Cundinamarca-Subachoque,0.17204865422599824
Colombia-Cundinamarca-Suesca,0.6659651084650017
Colombia-Cundinamarca-Supata,0.23272114056500037
Colombia-Cundinamarca-Susa,0.7315521156500056
Colombia-Cundinamarca-Sutatausa,0.7091225499140085
Colombia-Cundinamarca-Tabio,0.21631629360800292
Colombia-Cundinamarca-Tausa,0.6497629384968084
Colombia-Cundinamarca-Tena,0.0067120979050012495
Colombia-Cundinamarca-Tenjo,0.15896467902499992
Colombia-Cundinamarca-Tibacuy,0.07992081016899984
Colombia-Cundinamarca-Tibirita,0.8300989698758078
Colombia-Cundinamarca-Tocaima,0.052247842954000645
Colombia-Cundinamarca-Tocancipa,0.4183053291684097
Colombia-Cundinamarca-Topaipi,0.1488587633010019
Colombia-Cundinamarca-Ubala,0.3614438507299997
Colombia-Cundinamarca-Ubaque,0.19762009936399938
Colombia-Cundinamarca-Villa_De_San_Diego_De_Ubate,0.7445631378600173
Colombia-Cundinamarca-Une,0.21232000968100143
Colombia-Cundinamarca-Utica,0.10430569350500396
Colombia-Cundinamarca-Vergara,0.21572555803300802
Colombia-Cundinamarca-Viani,0.06377091828999852
Colombia-Cundinamarca-Villagomez,0.25668736856100854
Colombia-Cundinamarca-Villapinzon,1.097146959381009
Colombia-Cundinamarca-Villeta,0.13816548148000038
Colombia-Cundinamarca-Viota,0.039291482476999116
Colombia-Cundinamarca-Yacopi,0.10997661877200611
Colombia-Cundinamarca-Zipacon,0.022403476356997416
Colombia-Cundinamarca-Zipaquira,0.3750080506009994
Colombia-Choco-Quibdo,3.176603299999819e-05
Colombia-Choco-Acandi,0.4695684322809849
Colombia-Choco-Alto_Baudo,0.13545691241299726
Colombia-Choco-Atrato,0.6102605280700135
Colombia-Choco-Bagado,0.13220557448400502
Colombia-Choco-Bahia_Solano,0.8478439644199771
Colombia-Choco-Bajo_Baudo,0.5246476009632397
Colombia-Choco-Belen_De_Bajira,0.5311239559089997
Colombia-Choco-Bojaya,0.8562318849828355
Colombia-Choco-El_Canton_Del_San_Pablo,0.1298712217999988
Colombia-Choco-Carmen_Del_Darien,5.031519399994668e-06
Colombia-Choco-Certegui,0.08657380250000199
Colombia-Choco-Condoto,0.3605493283570022
Colombia-Choco-El_Carmen_De_Atrato,0.3022230612420149
Colombia-Choco-El_Litoral_Del_San_Juan,0.6091642291117015
Colombia-Choco-Istmina,0.2846588645439998
Colombia-Choco-Jurado,2.059873841991987
Colombia-Choco-Lloro,0.04857206375801354
Colombia-Choco-Medio_Atrato,0.09682759426336932
Colombia-Choco-Medio_Baudo,0.40858124632624276
Colombia-Choco-Medio_San_Juan,0.03331048631300142
Colombia-Choco-Novita,0.5403299796900003
Colombia-Choco-Nuqui,0.38069777743860234
Colombia-Choco-Rio_Iro,0.315710266873041
Colombia-Choco-Rio_Quito,0.039930490343197865
Colombia-Choco-Riosucio,0.6572361382632124
Colombia-Choco-San_Jose_Del_Palmar,0.4655018728000042
Colombia-Choco-Sipi,0.8878173525000164
Colombia-Choco-Tado,0.18887676986460888
Colombia-Choco-Unguia,0.13478050822399734
Colombia-Choco-Union_Panamericana,0.1471084753000007
Colombia-Huila-Neiva,1.8011256177456987
Colombia-Huila-Acevedo,0.11556253282499995
Colombia-Huila-Agrado,0.4395473995942116
Colombia-Huila-Aipe,1.3476970853810009
Colombia-Huila-Algeciras,0.8971006480262073
Colombia-Huila-Altamira,0.2315213715689998
Colombia-Huila-Baraya,1.3782653749059983
Colombia-Huila-Campoalegre,1.2091751800441957
Colombia-Huila-Colombia,0.03331048631300142
Colombia-Huila-Elias,0.2688941986800134
Colombia-Huila-Garzon,0.33184309793941036
Colombia-Huila-Gigante,0.5877327335930005
Colombia-Huila-Guadalupe,0.8356563205220003
Colombia-Huila-Hobo,0.9490102951698084
Colombia-Huila-Iquira,1.0611335200320005
Colombia-Huila-Isnos,0.46880623743699595
Colombia-Huila-La_Argentina,0.47807250709700244
Colombia-Huila-La_Plata,0.6779591562806124
Colombia-Huila-Nataga,0.9016039766209981
Colombia-Huila-Oporapa,0.3207602200348224
Colombia-Huila-Paicol,0.7179340413729993
Colombia-Huila-Palermo,1.4984768420769903
Colombia-Huila-Palestina,0.24627394450000015
Colombia-Huila-Pital,0.4598175803930029
Colombia-Huila-Pitalito,0.25164527956099725
Colombia-Huila-Rivera,1.4564407501698062
Colombia-Huila-Saladoblanco,0.33478441240499246
Colombia-Huila-San_Agustin,0.5093953112769941
Colombia-Huila-Santa_Maria,0.3931236637273786
Colombia-Huila-Suaza,0.1653770252409981
Colombia-Huila-Tarqui,0.29243885025800054
Colombia-Huila-Tesalia,0.7651737654530006
Colombia-Huila-Tello,1.6270797506448176
Colombia-Huila-Teruel,1.257895388698
Colombia-Huila-Timana,0.23639711763400062
Colombia-Huila-Villavieja,1.3360567330489908
Colombia-Huila-Yaguara,1.0975534936720015
Colombia-Guajira-Riohacha,4.853185044991327e-05
Colombia-Guajira-Albania,0.1398639604500007
Colombia-Guajira-Barrancas,0.007274423884609827
Colombia-Guajira-Dibulla,0.23106588504501338
Colombia-Guajira-Distraccion,0.001217756800000101
Colombia-Guajira-El_Molino,0.06208612130601084
Colombia-Guajira-Fonseca,1.7326354000000967e-05
Colombia-Guajira-Hatonuevo,0.03874576114099877
Colombia-Guajira-La_Jagua_Del_Pilar,0.19426146490088034
Colombia-Guajira-Maicao,7.367841466010181e-05
Colombia-Guajira-Manaure,0.19598322481300112
Colombia-Guajira-San_Juan_Del_Cesar,0.03758338770925104
Colombia-Guajira-Uribia,0.11289636291365086
Colombia-Guajira-Urumita,0.1360149034930038
Colombia-Guajira-Villanueva,0.09936277393699919
Colombia-Sta_Marta_DE-Santa_Marta,0.3931236637273786
Colombia-Magdalena-Sitio_Nuevo,0.0022487650000006113
Colombia-Magdalena-Algarrobo,0.5036095585000092
Colombia-Magdalena-Aracataca,0.352717352233998
Colombia-Magdalena-Ariguani,0.8607947529700103
Colombia-Magdalena-Cerro_San_Antonio,0.0769833587859989
Colombia-Magdalena-Chibolo,0.34080761502500306
Colombia-Magdalena-Cienaga,0.25881633773200274
Colombia-Magdalena-Concordia,0.12938205975699904
Colombia-Magdalena-El_Banco,2.795781789544988
Colombia-Magdalena-El_Pinon,0.036497590804999765
Colombia-Magdalena-El_Reten,0.26120465553801075
Colombia-Magdalena-Fundacion,0.3629094096454126
Colombia-Magdalena-Guamal,2.3959825281649896
Colombia-Magdalena-Nueva_Granada,0.7653440390980034
Colombia-Magdalena-Pedraza,0.17988437233741067
Colombia-Magdalena-Pijino_Del_Carmen,1.693733420829969
Colombia-Magdalena-Pivijay,0.043933634476999855
Colombia-Magdalena-Plato,0.6381697096890091
Colombia-Magdalena-Puebloviejo,0.22235554205300428
Colombia-Magdalena-Remolino,0.011559051236410689
Colombia-Magdalena-Sabanas_De_San_Angel,0.6327325610460087
Colombia-Magdalena-Salamina,0.6688901363400007
Colombia-Magdalena-San_Sebastian_De_Buenavista,2.005562833850008
Colombia-Magdalena-San_Zenon,1.8859264514182137
Colombia-Magdalena-Santa_Ana,1.6492596434570024
Colombia-Magdalena-Santa_Barbara_De_Pinto,1.3458121805000014
Colombia-Magdalena-Sitionuevo,0.0022487650000006113
Colombia-Magdalena-Tenerife,0.4844430591939996
Colombia-Magdalena-Zapayan,1.019373864344741
Colombia-Magdalena-Zona_Bananera,0.3470162499661369
Colombia-Meta-Villavicencio,7.244267090042815e-06
Colombia-Meta-Acacias,0.00017359020999984227
Colombia-Meta-Barranca_De_Upia,0.22813355467300084
Colombia-Meta-Cabuyaro,0.06270636429041127
Colombia-Meta-Castilla_La_Nueva,0.028031558452001244
Colombia-Meta-Cubarral,0.050888697777998676
Colombia-Meta-Cumaral,0.034853707347995706
Colombia-Meta-El_Calvario,0.046262275379998816
Colombia-Meta-El_Castillo,0.0008779298175699634
Colombia-Meta-El_Dorado,0.1097238001134539
Colombia-Meta-Fuente_De_Oro,0.28741006044500106
Colombia-Meta-Granada,0.19236622752200075
Colombia-Meta-Guamal,2.3959825281649896
Colombia-Meta-Mapiripan,0.3508452006609872
Colombia-Meta-Mesetas,0.4381529876259984
Colombia-Meta-La_Macarena,1.4501471540239919
Colombia-Meta-Uribe,0.897604313001997
Colombia-Meta-Lejanias,0.27594157784499923
Colombia-Meta-Puerto_Concordia,0.013190540052007097
Colombia-Meta-Puerto_Gaitan,0.8004144888580029
Colombia-Meta-Puerto_Lopez,1.849603999997417e-05
Colombia-Meta-Puerto_Lleras,0.6531353971600075
Colombia-Meta-Puerto_Rico,0.2800932919489949
Colombia-Meta-Restrepo,0.1381759792999999
Colombia-Meta-San_Carlos_De_Guaroa,0.2236112948499982
Colombia-Meta-San_Juan_De_Arama,0.4181325505999982
Colombia-Meta-San_Juanito,0.09612128370820962
Colombia-Meta-San_Martin,0.08317704092799987
Colombia-Meta-Vistahermosa,0.7261594518329998
Colombia-Narino-Pasto,0.46005016929468545
Colombia-Narino-Alban,0.05685176148799971
Colombia-Narino-Aldana,0.7347806325609851
Colombia-Narino-Ancuya,0.7678185474639936
Colombia-Narino-Arboleda,0.784243773063996
Colombia-Narino-Barbacoas,2.618517982599994
Colombia-Narino-Belen,0.00045130353983974627
Colombia-Narino-Buesaco,0.5921381751199972
Colombia-Narino-Colon,0.28105048125799686
Colombia-Narino-Consaca,0.6438480183399833
Colombia-Narino-Contadero,0.5203151505699862
Colombia-Narino-Cordoba,1.3387916023490096
Colombia-Narino-Cuaspud,0.7765288606689874
Colombia-Narino-Cumbal,0.9036119607769938
Colombia-Narino-Cumbitara,1.2212665315999942
Colombia-Narino-Chachagui,0.6463569284419883
Colombia-Narino-El_Charco,3.471008159241989
Colombia-Narino-El_Penol,0.10658220498492961
Colombia-Narino-El_Rosario,1.3677925839249914
Colombia-Narino-El_Tablon_De_Gomez,0.6256172953369965
Colombia-Narino-El_Tambo,1.079485770708997
Colombia-Narino-Funes,0.44482689536499487
Colombia-Narino-Guachucal,0.8256918088729918
Colombia-Narino-Guaitarilla,0.6756740298369978
Colombia-Narino-Gualmatan,0.5483240170689935
Colombia-Narino-Iles,0.5133766665459935
Colombia-Narino-Imues,0.540606541825983
Colombia-Narino-Ipiales,0.6163297197799965
Colombia-Narino-La_Cruz,0.8763865918449995
Colombia-Narino-La_Florida,0.6807881453299846
Colombia-Narino-La_Llanada,1.1484582144340025
Colombia-Narino-La_Tola,3.8913371461280137
Colombia-Narino-La_Union,0.15494573485802798
Colombia-Narino-Leiva,1.3155214523650203
Colombia-Narino-Linares,0.8912157273890156
Colombia-Narino-Los_Andes,0.1636691497587254
Colombia-Narino-Magsi,0.03331048631300142
Colombia-Narino-Mallama,1.2108837589596007
Colombia-Narino-Mosquera,0.06191215142600402
Colombia-Narino-Narino,0.6214334044010086
Colombia-Narino-Olaya_Herrera,4.629052028944024
Colombia-Narino-Ospina,0.6354861415999917
Colombia-Narino-Francisco_Pizarro,4.952426337999956
Colombia-Narino-Policarpa,1.268170700366804
Colombia-Narino-Potosi,0.5124895226599865
Colombia-Narino-Providencia,15.39248046352153
Colombia-Narino-Puerres,0.45035905120999326
Colombia-Narino-Pupiales,0.6351172929799934
Colombia-Narino-Ricaurte,0.0012818945059988951
Colombia-Narino-Roberto_Payan,3.012406736655975
Colombia-Narino-Samaniego,0.9519352970209803
Colombia-Narino-Sandona,0.7385460096249876
Colombia-Narino-San_Bernardo,0.3942689413456768
Colombia-Narino-San_Lorenzo,0.5858876999620013
Colombia-Narino-San_Pablo,0.1859339804329912
Colombia-Narino-San_Pedro_De_Cartago,0.8416981413159953
Colombia-Narino-Santa_Barbara,0.11955656324199995
Colombia-Narino-Santacruz,0.36921861777800113
Colombia-Narino-Sapuyes,0.6966213104586058
Colombia-Narino-Taminango,0.9795789086289952
Colombia-Narino-Tangua,0.455111133641805
Colombia-Narino-San_Andres_De_Tumaco,4.939917944580966
Colombia-Narino-Tuquerres,0.7333022630019882
Colombia-Narino-Yacuanquer,0.47958005192498954
Colombia-Norte_Santander-Cucuta,0.004168699976569841
Colombia-Norte_Santander-Abrego,0.5443449909462497
Colombia-Norte_Santander-Arboledas,0.20538356794400142
Colombia-Norte_Santander-Bochalema,0.13783482942499992
Colombia-Norte_Santander-Bucarasica,0.19781321209201158
Colombia-Norte_Santander-Cacota,0.2531957628340075
Colombia-Norte_Santander-Cachira,0.3206841981610069
Colombia-Norte_Santander-Chinacota,0.12867301814900023
Colombia-Norte_Santander-Chitaga,0.2073099097940106
Colombia-Norte_Santander-Convencion,1.1072821793650036
Colombia-Norte_Santander-Cucutilla,0.2552640748089987
Colombia-Norte_Santander-Durania,0.0889048619422104
Colombia-Norte_Santander-El_Carmen,1.2319258275999991
Colombia-Norte_Santander-El_Tarra,0.8553018322000023
Colombia-Norte_Santander-El_Zulia,0.027466519797001654
Colombia-Norte_Santander-Gramalote,0.12834041382100383
Colombia-Norte_Santander-Hacari,0.6599883565249912
Colombia-Norte_Santander-Herran,0.17365762068999974
Colombia-Norte_Santander-Labateca,0.38931190922000386
Colombia-Norte_Santander-La_Esperanza,0.08713947506500262
Colombia-Norte_Santander-La_Playa,0.7230834375459961
Colombia-Norte_Santander-Los_Patios,0.011680743264999804
Colombia-Norte_Santander-Lourdes,0.15415829889700478
Colombia-Norte_Santander-Mutiscua,0.17545051922500324
Colombia-Norte_Santander-Ocana,0.7475336002560076
Colombia-Norte_Santander-Pamplona,0.29169482240160616
Colombia-Norte_Santander-Pamplonita,0.2725055308420066
Colombia-Norte_Santander-Puerto_Santander,0.1957652456500004
Colombia-Norte_Santander-Ragonvalia,0.11837613929000038
Colombia-Norte_Santander-Salazar,0.15852534576499486
Colombia-Norte_Santander-San_Calixto,0.8232952706856232
Colombia-Norte_Santander-San_Cayetano,0.38249258208801123
Colombia-Norte_Santander-Santiago,0.24520129792899775
Colombia-Norte_Santander-Sardinata,0.15681001243300144
Colombia-Norte_Santander-Silos,0.14076494701200898
Colombia-Norte_Santander-Teorama,0.9851402613014135
Colombia-Norte_Santander-Tibu,0.6104431300249956
Colombia-Norte_Santander-Toledo,0.37737406776099897
Colombia-Norte_Santander-Villa_Caro,0.28429359701199924
Colombia-Norte_Santander-Villa_Del_Rosario,0.006689762472501223
Colombia-Quindio-Armenia,0.0006160384455999662
Colombia-Quindio-Buenavista,0.030235684073000202
Colombia-Quindio-Calarca,0.0035520490530009845
Colombia-Quindio-Circasia,0.011560180861000722
Colombia-Quindio-Cordoba,1.3387916023490096
Colombia-Quindio-Filandia,0.0228982515250005
Colombia-Quindio-Genova,0.07947914055401034
Colombia-Quindio-La_Tebaida,0.01248593464400018
Colombia-Quindio-Montenegro,0.002951884169000123
Colombia-Quindio-Pijao,0.03741556679999997
Colombia-Quindio-Quimbaya,0.011888130874000582
Colombia-Quindio-Salento,0.028228189104998875
Colombia-Risaralda-Pereira,0.07777173026375986
Colombia-Risaralda-Apia,0.3858388637940039
Colombia-Risaralda-Balboa,1.9990309692199963
Colombia-Risaralda-Belen_De_Umbria,0.47547490152999905
Colombia-Risaralda-Dosquebradas,0.09147630321220039
Colombia-Risaralda-Guatica,0.6264626108330014
Colombia-Risaralda-La_Celia,0.31004711606500057
Colombia-Risaralda-La_Virginia,0.15484140094899873
Colombia-Risaralda-Marsella,0.16660021729700028
Colombia-Risaralda-Mistrato,0.6211073264976101
Colombia-Risaralda-Pueblo_Rico,0.5823357132340129
Colombia-Risaralda-Quinchia,0.6587312637529995
Colombia-Risaralda-Santa_Rosa_De_Cabal,0.12170560674100102
Colombia-Risaralda-Santuario,0.3624300522399979
Colombia-Santander-Bucaramanga,9.492017155995082e-05
Colombia-Santander-Aguada,0.8029818206770116
Colombia-Santander-Albania,0.1398639604500007
Colombia-Santander-Aratoca,0.18274790403999963
Colombia-Santander-Barbosa,0.06079092348200325
Colombia-Santander-Barichara,0.23551259208200068
Colombia-Santander-Barrancabermeja,0.23829720120985798
Colombia-Santander-Betulia,0.15465793729999242
Colombia-Santander-Bolivar,1.8949261521680796
Colombia-Santander-Cabrera,0.19909898486100297
Colombia-Santander-California,0.0809318836999999
Colombia-Santander-Capitanejo,0.5174437670180104
Colombia-Santander-Carcasi,0.47690003676881443
Colombia-Santander-Cepita,0.1485971402000031
Colombia-Santander-Cerrito,0.09764597507199893
Colombia-Santander-Charala,0.6798127287250006
Colombia-Santander-Charta,0.04900796926100143
Colombia-Santander-Chima,0.6504289324999986
Colombia-Santander-Chipata,0.7184911802900038
Colombia-Santander-Cimitarra,0.2003595267358091
Colombia-Santander-Concepcion,0.09501733817000314
Colombia-Santander-Confines,0.5824301545729986
Colombia-Santander-Contratacion,0.7963324828442067
Colombia-Santander-Coromoro,0.6694932165800006
Colombia-Santander-Curiti,0.25801170091700204
Colombia-Santander-El_Carmen_De_Chucuri,0.3223332935329901
Colombia-Santander-El_Guacamayo,0.7857987504020127
Colombia-Santander-El_Penon,0.15341607820999859
Colombia-Santander-El_Playon,0.0930536785250023
Colombia-Santander-Encino,0.9473162197000008
Colombia-Santander-Enciso,0.37214475370001104
Colombia-Santander-Florian,0.4659002437130073
Colombia-Santander-Floridablanca,0.0015841532849000608
Colombia-Santander-Galan,0.1097238001134539
Colombia-Santander-Gambita,1.3368860985400013
Colombia-Santander-Giron,0.003725379367879443
Colombia-Santander-Guaca,0.12423023149000428
Colombia-Santander-Guadalupe,0.8356563205220003
Colombia-Santander-Guapota,0.6833443328679952
Colombia-Santander-Guavata,0.7485923335060033
Colombia-Santander-Gsepsa,1.2064253000939138
Colombia-Santander-Hato,0.35566963779999955
Colombia-Santander-Jesus_Maria,0.7519417498820042
Colombia-Santander-Jordan,0.14344646650000048
Colombia-Santander-La_Belleza,0.4692069012500202
Colombia-Santander-Landazuri,0.3804296493532087
Colombia-Santander-La_Paz,0.6984791306380038
Colombia-Santander-Lebrija,0.007860156548001257
Colombia-Santander-Los_Santos,0.12581751178100137
Colombia-Santander-Macaravita,0.6428082077000046
Colombia-Santander-Malaga,0.3171363560450082
Colombia-Santander-Matanza,0.05016970616399947
Colombia-Santander-Mogotes,0.4257390949780019
Colombia-Santander-Molagavita,0.28631542551400774
Colombia-Santander-Ocamonte,0.5932435269690015
Colombia-Santander-Oiba,0.7464022333000025
Colombia-Santander-Onzaga,0.6801423426729974
Colombia-Santander-Palmar,0.35556576176080706
Colombia-Santander-Palmas_Del_Socorro,0.5239064345240474
Colombia-Santander-Paramo,0.4829853207250003
Colombia-Santander-Piedecuesta,0.018389272525001523
Colombia-Santander-Pinchote,0.33631819089999904
Colombia-Santander-Puente_Nacional,0.8772622105540044
Colombia-Santander-Puerto_Parra,0.0852722623782094
Colombia-Santander-Puerto_Wilches,0.16814450861599334
Colombia-Santander-Rionegro,0.043641333793997886
Colombia-Santander-Sabana_De_Torres,2.7126289000015292e-05
Colombia-Santander-San_Andres,9.431652133927765
Colombia-Santander-San_Benito,0.851667709121004
Colombia-Santander-San_Gil,0.3084197653760001
Colombia-Santander-San_Joaquin,0.5288554255330022
Colombia-Santander-San_Jose_De_Miranda,0.35324677019700457
Colombia-Santander-San_Miguel,0.004297249999999828
Colombia-Santander-San_Vicente_De_Chucuri,0.13956950861300033
Colombia-Santander-Santa_Barbara,0.11955656324199995
Colombia-Santander-Santa_Helena_Del_Opon,0.5537696777688454
Colombia-Santander-Simacota,0.49142599489999433
Colombia-Santander-Socorro,0.43205839190599715
Colombia-Santander-Suaita,0.9901893391174079
Colombia-Santander-Sucre,2.813401874618001
Colombia-Santander-Surata,0.07726030951400006
Colombia-Santander-Tona,0.03180782594899804
Colombia-Santander-Valle_De_San_Jose,0.4386191385319997
Colombia-Santander-Velez,0.7256617169959985
Colombia-Santander-Vetas,0.11070204579999753
Colombia-Santander-Villanueva,0.09936277393699919
Colombia-Santander-Zapatoca,0.11095340629299849
Colombia-Sucre-Sincelejo,0.9878134655901797
Colombia-Sucre-Buenavista,0.030235684073000202
Colombia-Sucre-Caimito,2.4154403074639936
Colombia-Sucre-Coloso,0.6593779125000016
Colombia-Sucre-Corozal,0.9884758338979936
Colombia-Sucre-Covenas,0.8136122205730031
Colombia-Sucre-Chalan,0.5966902259886098
Colombia-Sucre-El_Roble,1.516808378
Colombia-Sucre-Galeras,0.5438546225213201
Colombia-Sucre-Guaranda,2.2167071067249964
Colombia-Sucre-La_Union,0.15494573485802798
Colombia-Sucre-Los_Palmitos,0.889227066535999
Colombia-Sucre-Majagual,2.5750589163009803
Colombia-Sucre-Morroa,0.9624515285379968
Colombia-Sucre-Ovejas,0.6694554914058125
Colombia-Sucre-Palmito,0.9150217056100005
Colombia-Sucre-Sampues,1.2434791659249966
Colombia-Sucre-San_Benito_Abad,2.0859846852250024
Colombia-Sucre-San_Juan_De_Betulia,1.1077969749519951
Colombia-Sucre-San_Marcos,2.8014867333129967
Colombia-Sucre-San_Onofre,0.30157672198399865
Colombia-Sucre-San_Pedro,0.3818402441999998
Colombia-Sucre-San_Luis_De_Since,1.2397869936499946
Colombia-Sucre-Sucre,2.813401874618001
Colombia-Sucre-Santiago_De_Tolu,0.5851377557539998
Colombia-Sucre-Tolu_Viejo,0.7073609611990103
Colombia-Tolima-Ibague,0.2079337688199917
Colombia-Tolima-Alpujarra,0.3448473444999954
Colombia-Tolima-Alvarado,0.09171457716999853
Colombia-Tolima-Ambalema,0.10843360629699926
Colombia-Tolima-Anzoategui,0.1909676269219939
Colombia-Tolima-Armero,0.2907670564999968
Colombia-Tolima-Ataco,0.8294563431529949
Colombia-Tolima-Cajamarca,0.08239485160000007
Colombia-Tolima-Carmen_De_Apicala,0.028795465744999978
Colombia-Tolima-Casabianca,0.3402071107129937
Colombia-Tolima-Chaparral,0.6965799783700055
Colombia-Tolima-Coello,0.007910775745999445
Colombia-Tolima-Coyaima,0.3985747509459925
Colombia-Tolima-Cunday,0.06904658510899925
Colombia-Tolima-Dolores,0.3980760185000006
Colombia-Tolima-Espinal,0.028080917041998447
Colombia-Tolima-Falan,0.18594266944201035
Colombia-Tolima-Flandes,0.00018133145080995254
Colombia-Tolima-Fresno,0.22192160294899943
Colombia-Tolima-Guamo,0.10045753962499934
Colombia-Tolima-Herveo,0.3925667237740098
Colombia-Tolima-Honda,0.06446705448500047
Colombia-Tolima-Icononzo,0.08723715122899871
Colombia-Tolima-Lerida,0.24471687021800023
Colombia-Tolima-Libano,0.43073828457700536
Colombia-Tolima-Mariquita,0.10976516224999563
Colombia-Tolima-Melgar,0.03382724387299918
Colombia-Tolima-Murillo,0.2634660521999975
Colombia-Tolima-Natagaima,0.5351037413299966
Colombia-Tolima-Ortega,0.301209064517001
Colombia-Tolima-Palocabildo,0.23445328985999853
Colombia-Tolima-Piedras,0.06371490882499938
Colombia-Tolima-Planadas,0.8315837615699707
Colombia-Tolima-Prado,0.31665789672399736
Colombia-Tolima-Purificacion,0.21125902454499795
Colombia-Tolima-Rioblanco,0.7112546909000096
Colombia-Tolima-Roncesvalles,0.2791324616945004
Colombia-Tolima-Rovira,0.18830804745699403
Colombia-Tolima-Saldana,0.18081721236499793
Colombia-Tolima-San_Antonio,0.4277952211220031
Colombia-Tolima-San_Luis,0.14881437715699292
Colombia-Tolima-Santa_Isabel,0.2537888424002044
Colombia-Tolima-Suarez,0.2764042946414479
Colombia-Tolima-Valle_De_San_Juan,0.10432288454460849
Colombia-Tolima-Venadillo,0.1867514721460001
Colombia-Tolima-Villahermosa,0.3768030727930093
Colombia-Tolima-Villarrica,0.1716890964100019
Colombia-Valle_Del_Cauca-Cali,0.00014636143405000808
Colombia-Valle_Del_Cauca-Alcala,0.02537546289800075
Colombia-Valle_Del_Cauca-Andalucia,0.3397216321459992
Colombia-Valle_Del_Cauca-Ansermanuevo,0.14892075537800215
Colombia-Valle_Del_Cauca-Argelia,0.26160727647698984
Colombia-Valle_Del_Cauca-Bolivar,1.8949261521680796
Colombia-Valle_Del_Cauca-Buenaventura,0.43725106854784623
Colombia-Valle_Del_Cauca-Guadalajara_De_Buga,0.2503990432456224
Colombia-Valle_Del_Cauca-Bugalagrande,0.30054825520200534
Colombia-Valle_Del_Cauca-Caicedonia,0.05255737443541103
Colombia-Valle_Del_Cauca-Calima,0.2258448453692506
Colombia-Valle_Del_Cauca-Candelaria,0.15879562699680938
Colombia-Valle_Del_Cauca-Cartago,0.0878392630446565
Colombia-Valle_Del_Cauca-Dagua,0.07266849490781109
Colombia-Valle_Del_Cauca-El_Aguila,0.25465215316601625
Colombia-Valle_Del_Cauca-El_Cairo,0.31567023447200143
Colombia-Valle_Del_Cauca-El_Cerrito,0.09764597507199893
Colombia-Valle_Del_Cauca-El_Dovio,0.27491895559999746
Colombia-Valle_Del_Cauca-Florida,0.09757432561020923
Colombia-Valle_Del_Cauca-Ginebra,0.13861477459699917
Colombia-Valle_Del_Cauca-Guacari,0.13312423220199845
Colombia-Valle_Del_Cauca-Jamundi,0.035756494385000046
Colombia-Valle_Del_Cauca-La_Cumbre,0.042076889299999885
Colombia-Valle_Del_Cauca-La_Union,0.15494573485802798
Colombia-Valle_Del_Cauca-La_Victoria,0.10635704924500927
Colombia-Valle_Del_Cauca-Obando,0.07107445476200126
Colombia-Valle_Del_Cauca-Palmira,0.057394162851731066
Colombia-Valle_Del_Cauca-Pradera,0.07814330622100212
Colombia-Valle_Del_Cauca-Restrepo,0.1381759792999999
Colombia-Valle_Del_Cauca-Riofrio,0.4732140855440084
Colombia-Valle_Del_Cauca-Roldanillo,0.20894096497299758
Colombia-Valle_Del_Cauca-San_Pedro,0.3818402441999998
Colombia-Valle_Del_Cauca-Sevilla,0.11418542602441345
Colombia-Valle_Del_Cauca-Toro,0.14246837601800302
Colombia-Valle_Del_Cauca-Trujillo,0.47149158679400266
Colombia-Valle_Del_Cauca-Tulua,0.4255566804618175
Colombia-Valle_Del_Cauca-Ulloa,0.03082694138500003
Colombia-Valle_Del_Cauca-Versalles,0.2417203963849964
Colombia-Valle_Del_Cauca-Vijes,0.06749756755400063
Colombia-Valle_Del_Cauca-Yotoco,0.18664897142899828
Colombia-Valle_Del_Cauca-Yumbo,0.009712844244999973
Colombia-Valle_Del_Cauca-Zarzal,0.14992449354099882
Colombia-Arauca-Arauca,3.8413660634432207
Colombia-Arauca-Arauquita,1.8144448802368047
Colombia-Arauca-Cravo_Norte,2.6892435527809906
Colombia-Arauca-Fortul,1.7138765237802094
Colombia-Arauca-Puerto_Rondon,4.468543590545806
Colombia-Arauca-Saravena,1.2510381494740102
Colombia-Arauca-Tame,2.31549526006102
Colombia-Casanare-Yopal,1.8867617369380116
Colombia-Casanare-Aguazul,1.327575708170011
Colombia-Casanare-Chameza,1.2685718205460017
Colombia-Casanare-Hato_Corozal,2.7553145125160103
Colombia-Casanare-La_Salina,1.5819066066850205
Colombia-Casanare-Mani,0.9779234290000166
Colombia-Casanare-Monterrey,0.6198189170120011
Colombia-Casanare-Nunchia,2.965833829138007
Colombia-Casanare-Orocue,3.083295120313036
Colombia-Casanare-Paz_De_Ariporo,3.017073428065022
Colombia-Casanare-Pore,3.18190708113744
Colombia-Casanare-Recetor,1.3344239819002153
Colombia-Casanare-Sabanalarga,0.32624694192292547
Colombia-Casanare-Sacama,1.7825533212020113
Colombia-Casanare-San_Luis_De_Palenque,3.2559501008450296
Colombia-Casanare-Tamara,2.553271534736015
Colombia-Casanare-Tauramena,0.8874629301130099
Colombia-Casanare-Trinidad,3.397242310250005
Colombia-Casanare-Villanueva,0.09936277393699919
Colombia-Putumayo-Mocoa,0.22815388862500005
Colombia-Putumayo-Colon,0.28105048125799686
Colombia-Putumayo-Orito,0.00015062096899982533
Colombia-Putumayo-Puerto_Asis,0.037019331521999606
Colombia-Putumayo-Puerto_Caicedo,0.0005985930600001852
Colombia-Putumayo-Puerto_Guzman,0.11011594926100195
Colombia-Putumayo-Leguizamo,3.9035710464999784
Colombia-Putumayo-Sibundoy,0.28619516082099883
Colombia-Putumayo-San_Francisco,0.14362736049999875
Colombia-Putumayo-San_Miguel,0.004297249999999828
Colombia-Putumayo-Santiago,0.24520129792899775
Colombia-Putumayo-Valle_Del_Guamuez,2.5491290500016123e-06
Colombia-Putumayo-Villagarzon,0.12285820880999986
Colombia-San_Andres-San_Andres,9.431652133927765
Colombia-San_Andres-Providencia,15.39248046352153
Colombia-Amazonas-Leticia,0.09547450987399633
Colombia-Amazonas-El_Encanto,3.972865908292001
Colombia-Amazonas-La_Chorrera,5.570601960500006
Colombia-Amazonas-La_Pedrera,0.02588668560000057
Colombia-Amazonas-La_Victoria,0.10635704924500927
Colombia-Amazonas-Miriti_Parana,0.027859734624996947
Colombia-Amazonas-Puerto_Alegria,8.06095082066121
Colombia-Amazonas-Puerto_Arica,4.77573844999999
Colombia-Amazonas-Puerto_Narino,0.5617894035999911
Colombia-Amazonas-Puerto_Santander,0.1957652456500004
Colombia-Amazonas-Tarapaca,1.3003516595780003
Colombia-Guainia-Inirida,11.215084983098029
Colombia-Guainia-Barranco_Minas,8.783555796500016
Colombia-Guainia-Mapiripana,5.17509333419401
Colombia-Guainia-San_Felipe,3.1710559441999933
Colombia-Guainia-Puerto_Colombia,0.005367967137000623
Colombia-Guainia-La_Guadalupe,1.8626314205408312
Colombia-Guainia-Cacahual,9.359402446600004
Colombia-Guainia-Pana_Pana,3.2635293682000013
Colombia-Guainia-Morichal,7.420609030900002
Colombia-Guaviare-San_Jose_Del_Guaviare,0.000139616203249874
Colombia-Guaviare-Calamar,0.13418881023699802
Colombia-Guaviare-El_Retorno,0.05669559432999996
Colombia-Guaviare-Miraflores,1.980327437511997
Colombia-Vaupes-Mitu,5.919940717765182
Colombia-Vaupes-Caruru,4.206805977629998
Colombia-Vaupes-Pacoa,3.956539921299961
Colombia-Vaupes-Taraira,0.4925757976360022
Colombia-Vaupes-Papunaua,4.248679583463309
Colombia-Vaupes-Yavarate,1.597773636894012
Colombia-Vichada-Puerto_Carreno,2.5427330402000075
Colombia-Vichada-La_Primavera,5.314649714599994
Colombia-Vichada-Santa_Rosalia,5.440209483689763
Colombia-Vichada-Cumaribo,8.196035432233982
Colombia-Desconocido-Desconocido,0.03331048631300142
Colombia-Bogota-Bogota,0.16337015779396077
Colombia-Bogota-Usaquen_Los_Cedros,0.1967720868273704
Colombia-Bogota-Usaquen_Santa_Barbara,0.19510724220250564
Colombia-Bogota-Barrios_Unidos_Los_Andes,0.1564686472999971
Colombia-Bogota-Barrios_Unidos_12_De_Octubre,0.15729338764944373
Colombia-Bogota-San_Cristobal_Sociego,0.1445586837160565
Colombia-Bogota-Tunjuelito_Venecia,0.1116524379697016
Colombia-Bogota-Puente_Aranda_San_Rafael,0.12645820921065676
Colombia-Bogota-Kennedy_Americas,0.10338088862900208
Colombia-Bogota-Kennedy_Kennedy_Central,0.10338088862900208
Colombia-Bogota-Tunjuelito_Tunjuelito,0.11622410281798752
Colombia-Bogota-Ciudad_Bolivar_San_Francisco,0.10920725155804276
Colombia-Bogota-Engativa_Engativa,0.13307999400000445
Colombia-Bogota-Fontibon_Fontibon,0.10762556496200083
Colombia-Bogota-Bosa_Bosa_Central,0.08178217929999831
Colombia-Bogota-Bosa_Tintal_Sur,0.08178827865700156
Colombia-Bogota-La_Candelaria_La_Candelaria,0.15879562699680938
Colombia-Bogota-Chapinero_Chico_Lago,0.17000202117161126
Colombia-Bogota-Chapinero_Chapinero,0.16566328974499983
Colombia-Bogota-Teusaquillo_Teusaquillo,0.1525468837490036
Colombia-Bogota-Teusaquillo_La_Esmeralda,0.1442623885004882
Colombia-Bogota-Teusaquillo_Quinta_Paredes,0.13981388154649363
Colombia-Bogota-Teusaquillo_Ciudad_Salitre_Oriental,0.13438947423468647
Colombia-Sucre-Tolu,0.5851377557539998
Colombia-Sucre-Toluviejo,0.7073609611990103
Colombia-Tolima-Armero_Guayabal,0.2226696957378481
Colombia-Valle,0.13783000480392885
Colombia-Bolivar,1.8949261521680796
Colombia-Norte_Santander,0.21119457283321907
Colombia-Barranquilla,0.0016931616415303509
Colombia-Huila,0.8441683844040201
Colombia-Santander,0.4662698012145774
Colombia-Cordoba,1.3387916023490096
Colombia-Meta,0.670474900693157
Colombia-Tolima,0.1617557806338461
Colombia-Atlantico,0.0127946690530603
Colombia-Cesar,2.8380001950238674
Colombia-Antioquia,0.1339733774013644
Colombia-Casanare,4.220478829005726
Colombia-Santa_Marta,0.3931236637273786
Colombia-Sucre,2.813401874618001
Colombia-Magdalena,0.1720627268274031
Colombia-Bogota,0.16337015779396077
Colombia-Caqueta,3.653555469643652
Colombia-Cundinamarca,0.3425875801578373
Colombia-Arauca,3.8413660634432207
Colombia-Guajira,0.07930688093978416
Colombia-Risaralda,0.5719476755873064
Colombia-Putumayo,1.1669587490063826
Colombia-Cartagena,8.045917274001651e-05
Colombia-Cauca,0.6486675669607319
Colombia-Quindio,0.005823995300810391
Colombia-Caldas,0.3570004880172017
Colombia-Amazonas,3.4278773509533527
Colombia-Boyaca,1.710876501130001
Colombia-San_Andres,9.431652133927765
Colombia-Buenaventura,0.43725106854784623
Colombia-Narino,0.6214334044010086
Colombia-Guaviare,0.3660893965449949
Colombia-Vichada,7.529221406165284
Colombia-Choco,0.22210470610192787
Colombia-Vaupes,5.645445259029275
Colombia-Guainia,5.260082624731003
Colombia-Exterior,3.5353524096009656
Colombia-unknown,0.03331048631300142
Colombia-desconocido,0.03331048631300142
Dominican_Republic-Azua-Compostela,1.8756091154533594
Dominican_Republic-Barahona,1.1671120618502697
Dominican_Republic-Distrito_Nacional,4.68724406752319
Dominican_Republic-Independencia,0.39484007593677234
Dominican_Republic-Jimani_de_Independencia,0.08237835436576535
Dominican_Republic-Luperon-Puerto_Plata,2.9002216260487517
Dominican_Republic-Santa_Cruz-Barahona,1.1671120618502697
Dominican_Republic-Santiago-Caballeros,2.400945003959936
Dominican_Republic-Santo_Domingo,4.68724406752319
Dominican_Republic-Santo_Domingo_Norte,4.766628288617497
Dominican_Republic-Santo_Domingo_Este,5.264149304935475
Dominican_Republic-Santo_Domingo_Oeste,4.35805833032845
Dominican_Republic-Distrito_Nacional,4.68724406752319
Dominican_Republic-Azua,1.8756091154533594
Dominican_Republic-Baoruco,0.4775290898840558
Dominican_Republic-Barahona,1.1671120618502697
Dominican_Republic-Dajabon,0.6714444364827705
Dominican_Republic-Duarte,4.441030731773462
Dominican_Republic-Elias_Pina,0.2800183947582016
Dominican_Republic-El_Seibo,8.204991487635949
Dominican_Republic-Espaillat,3.953645920655868
Dominican_Republic-Independencia,0.39484007593677234
Dominican_Republic-La_Altagracia,5.820054064048734
Dominican_Republic-La_Romana,7.3848904367550885
Dominican_Republic-La_Vega,2.643108480569765
Dominican_Republic-Maria_Trinidad_Sanchez,5.3513529803713125
Dominican_Republic-Monte_Cristi,1.2460064485862519
Dominican_Republic-Pedernales,0.4657127780076642
Dominican_Republic-Peravia,3.222874495976087
Dominican_Republic-Puerto_Plata,2.9002216260487517
Dominican_Republic-Hermanas_Mirabal,3.354628492237069
Dominican_Republic-Samana,7.763596471699435
Dominican_Republic-San_Cristobal,3.987740251021977
Dominican_Republic-San_Juan,0.758548469117161
Dominican_Republic-San_Pedro_de_Macoris,7.817582806870293
Dominican_Republic-Sanchez_Ramirez,3.8551156008929253
Dominican_Republic-Santiago,2.400945003959936
Dominican_Republic-Santiago-Rodriguez,0.9985673694771744
Dominican_Republic-Valverde,1.8284077880694163
Dominican_Republic-Monsenor_Nouel,2.95412572618981
Dominican_Republic-Monte_Plata,5.336347634766662
Dominican_Republic-Hato_Mayor,8.050266656128823
Dominican_Republic-San_Jose_de_Ocoa,2.5260861219425848
Dominican_Republic-Santo_Domingo,4.68724406752319
Dominican_Republic-Extranjera,3.722017458050026
Dominican_Republic-Other,3.722017458050026
Ecuador-Azuay-Cuenca,1.9090265452245339
Ecuador-Bolivar,4.610497816896267
Ecuador-Chimborazo-Chunchi,3.207425133040213
Ecuador-Cotopaxi,3.4288192968048223
Ecuador-El_Oro-Huaquillas,0.001415979760330808
Ecuador-El_Oro-Machala,0.14202042954320684
Ecuador-El_Oro-Pasaje,0.23016474662857794
Ecuador-El_Oro-Santa_Rosa,0.08637300139408488
Ecuador-Esmeraldas-Esmeraldas,7.826877927493223
Ecuador-Esmeraldas-Atacames,8.898642383234483
Ecuador-Esmeraldas-Muisne,9.930035889052602
Ecuador-Esmeraldas-Quininde,6.8402225518117366
Ecuador-Esmeraldas-San_Lorenzo,4.255759565391798
Ecuador-Esmeraldas-Rioverde,6.5695463018179625
Ecuador-Galapagos-Santa_Cruz,104.582762666908
Ecuador-Imbabura-Otavalo,1.9923850972161044
Ecuador-Guayas-Daule,2.6970523459610076
Ecuador-Guayas-General_Antonio_Elizalde,2.826389986553261
Ecuador-Guayas-Guayaquil,1.8274878076290513
Ecuador-Guayas-Playas,0.7418994413548473
Ecuador-Guayas-Balzar,4.597019585146974
Ecuador-Los_Rios-Buena_Fe,7.327142568330038
Ecuador-Los_Rios-Quevedo,6.67859986696602
Ecuador-Los_Rios-Ventanas,4.783759037150494
Ecuador-Los_Rios-Vinces,3.9575533654022945
Ecuador-Manabi-Jipijapa,4.630113803436194
Ecuador-Los_Rios-Jaramijo,6.513707306661367
Ecuador-Manabi-Chone,7.673437143053841
Ecuador-Manabi-Manta,6.513406218882894
Ecuador-Manabi-Pajan,3.7441694733962474
Ecuador-Manabi-Pedernales,10.287678342439499
Ecuador-Manabi-Portoviejo,5.919021042323085
Ecuador-Manabi-Puerto_Lopez,4.00627927862309
Ecuador-Manabi-Rocafuerte,6.571228080477594
Ecuador-Manabi-Santa_Ana,5.17878817174144
Ecuador-Manabi-San_Vicente,8.287374759051557
Ecuador-Manabi-24_de_Mayo,2.8269942347106425
Ecuador-Manabi-Tosagua,7.267884433784681
Ecuador-Manabi-Sucre,4.874608128936196
Ecuador-Orellana_Joya_de_los_Sachas,0.3265057201784501
Ecuador-Pichincha-Mejia,3.5562100186989953
Ecuador-Pichincha-Quito,2.8204887480495073
Ecuador-Pichincha-Cayambe,1.7310462918361738
Ecuador-Santa_Elena,1.9295462003182424
Ecuador-Santo_Domingo_de_los_Tsachilas-La_Concordia,6.5277897255808615
Ecuador-Santo_Domingo_de_los_Tsachilas-Santo_Domingo,5.67589929947848
Ecuador-Sucumbios-Shushufindi,0.2532293768232506
Ecuador-Sucumbios-Lago_Agrio,0.03612412573492078
Ecuador-Azuay,1.9386238575496197
Ecuador-Esmeraldas,7.826877927493223
Ecuador-Chimborazo,6.125330569531422
Ecuador-Galapagos,107.89187096545953
Ecuador-Orellana,0.545957163783651
Ecuador-Guayas,2.434152071367254
Ecuador-Pichincha,2.8147166681643605
Ecuador-Los_Rios,6.675127995450596
Ecuador-Santo_Domingo_de_los_Tsachilas,5.738636010826152
Ecuador-Sucumbios,0.034369359396100065
Ecuador-El_Oro,0.1397246526125068
Ecuador-Manabi,5.920921651859555
Ecuador-Loja,1.3784889427764273
Ecuador-Napo,2.5290423870915353
Ecuador-Canar,2.5938861522170646
Ecuador-Imbabura,1.6346052095046444
Ecuador-Carchi,1.0976696409118274
Ecuador-Manabi-Montecristi,6.087183939194407
Ecuador-Tungurahua,5.571710019917561
El_Salvador-Ahuachapan,0.4716806013411763
El_Salvador-Cabanas,0.20099876154948043
El_Salvador-Chalatenango,0.2040894553190797
El_Salvador-Cuscatlan,0.03126338456873246
El_Salvador-La_Libertad,0.07865413725348736
El_Salvador-La_Paz,0.09997583643776176
El_Salvador-La_Union,1.9349101577403545
El_Salvador-Morazan,1.1051047118377073
El_Salvador-San_Miguel,1.072136490872107
El_Salvador-San_Salvador,0.0036731754832993804
El_Salvador-San_Vicente,0.1677416447298509
El_Salvador-Santa_Ana,0.20395045698002046
El_Salvador-Sonsonate,0.29665643118785046
El_Salvador-Usulutan,0.6992264178154188
El_Salvador-Guatemala,0.08596101146425011
El_Salvador-Honduras,0.08596101146425011
Guatemala-Chiquimula,1.240993004703724
Guatemala-Chimaltenango,1.7568664565227847
Guatemala-Escuintla,1.9982418836672988
Guatemala-Suchitepequez,0.622057419903267
Guatemala-Zacapa,1.6335133292035933
Guatemala-Jutiapa,0.7607884891549237
Guatemala-Nor_Oriente,0.03886436943811926
Guatemala-Alta_Verapaz,3.1968128487183067
Guatemala-Baja_Verapaz,3.1079941358276573
Guatemala-Izabal,2.2245030501858087
Guatemala-Ixcan,2.5774491585614623
Guatemala-Jalapa,1.236982497160044
Guatemala-Peten_Norte,1.3695758707512382
Guatemala-Quetzaltenango,0.41999043702580385
Guatemala-San_Marcos,0.1318763515892087
Guatemala-Sur,8.64113453449822
Guatemala-Nor_Occidente,2.391739568679886
Guatemala-Peten_Sur_Oriental,0.6197150335725141
Guatemala-El_Progreso,2.0624789454616903
Guatemala-Santa_Rosa,1.6326597447732554
Guatemala-Retalhuleu,0.2396579497962531
Guatemala-Sacatepequez,2.0631891670877947
Guatemala-Solola,0.9513101734748407
Guatemala-El_Quiche,1.6241362294708843
Guatemala-Peten_Sur_Occidental,1.3695758707512382
Guatemala-Central,2.8449120639219805
Guatemala-Ixil,1.2153921044278526
Guatemala-Huehuetenango,0.6108250992492521
Guatemala-Totonicapan,0.6543598790353465
Guatemala-Quiche,1.6241362294708843
Haiti-Artibonite-Desssalines_Marchand,0.04715722892807913
Haiti-Artibonite-Ennery,0.1893371495776397
Haiti-Artibonite-Gonaives,0.20508721841792105
Haiti-Artibonite-Verrettes,1.7210770100024125e-06
Haiti-Artibonite,0.09986002001424826
Haiti-Centre-Hinche,0.10417836379304089
Haiti-Centre-Maissade,0.12159657829058099
Haiti-Centre-Mirebalais,3.477052874006766e-05
Haiti-Centre,0.019282765694600565
Haiti-Grande_Anse-Corail,4.080111050004105e-06
Haiti-Grande_Anse-Dame_Marie,0.006035678483770295
Haiti-Grande_Anse-Roseaux,0.012761044646660395
Haiti-Grande_Anse,0.012064113790809905
Haiti-Nippes-Fond_Des_Negres,0.30221722078676017
Haiti-Nippes-Miragoane,0.44130474023727345
Haiti-Nippes,0.1498402484474575
Haiti-Nord-Cap_Haitien,0.5413097732880513
Haiti-Nord-Limbe,0.43006321809636966
Haiti-Nord-Milot,0.3786120295380781
Haiti-Nord-Pignon,0.2069669165177354
Haiti-Nord-Plaine_du_Nord,0.4333769449000005
Haiti-Nord-Plaisance,0.30101260109264816
Haiti-Nord,0.34808486921225307
Haiti-Nord_Est-Ouanaminthe,0.6518007315073043
Haiti-Nord_Est,0.49322882328290063
Haiti-Nord_Ouest-La_Tortue,1.1137419277976863
Haiti-Nord_Ouest-Saint_Louis_du_Nord,0.8298039512364098
Haiti-Nord_Ouest,0.9455020337880963
Haiti-Ouest-Carrefour,0.00011196118385998086
Haiti-Ouest-Croix_des_Bouquets,0.0007928200000000249
Haiti-Ouest-Delmas,0.0007929521237197418
Haiti-Ouest-Petion_Ville,0.002010007399699828
Haiti-Ouest-Petit_Goave,0.209432286300105
Haiti-Ouest-Port_au_Prince,0.004481519567759825
Haiti-Ouest,0.005950645880660725
Haiti-Sud-Aquin,0.13188913349905146
Haiti-Sud,0.019853754397689948
Haiti-Sud_Est-Anse_A_Pitres,0.44648129350379767
Haiti-Sud_Est-Cotes_de_Fer,0.36517807367223076
Haiti-Sud_Est-Marigot,0.006293451392022432
Haiti-Sud_Est,0.00438247872829139
Mexico-Aguascalientes,1.5684827693217334
Mexico-Baja_California,17.47571101797858
Mexico-Baja_California_Sur,9.665453821725432
Mexico-Campeche,2.573734593151237
Mexico-Chiapas,1.1448664026173323
Mexico-Chihuahua,14.97622372749863
Mexico-Coahuila_de_Zaragoza,2.6433268896803486
Mexico-Colima,0.006279801310599877
Mexico-Distrito_Federal,0.4176413593632904
Mexico-Durango,6.452185467302713
Mexico-Guanajuato,0.05145965620420798
Mexico-Guerrero,0.016628203381519078
Mexico-Hidalgo,1.4099352715524531
Mexico-Jalisco,0.01999367755300145
Mexico-Mexico,8.432756829657002
Mexico-Michoacan_de_Ocampo,0.16788779267299814
Mexico-Morelos,3.5247240500020398e-06
Mexico-Nayarit,0.0014209709149701562
Mexico-Nuevo_Leon,0.08086328589209651
Mexico-Oaxaca,3.064139012732843
Mexico-Puebla,1.5965789329956855e-05
Mexico-Queretaro_de_Arteaga,1.2899713128123298
Mexico-Quintana_Roo,0.44391960889825294
Mexico-San_Luis_Potosi,1.714499637178815
Mexico-Sinaloa,0.03701579330209982
Mexico-Sonora,17.187932361156054
Mexico-Tabasco,3.333313332124601
Mexico-Tamaulipas,2.4242809655002584
Mexico-Tlaxcala,0.07812564473716074
Mexico-Veracruz_de_Ignacio_de_la_Llave,0.049832971677935115
Mexico-Yucatan,1.2026538242368732
Mexico-Zacatecas,4.591340948335019
Nicaragua-Chinandega,0.8889193414984903
Nicaragua-Chinandega-San_Pedro_del_Norte,1.4926250729416897
Nicaragua-Leon,0.3998040415047094
Nicaragua-Leon-Quetzalguaque,0.47749456062145945
Nicaragua-Leon-Telica,0.4727778035617226
Nicaragua-Managua,0.010947089270120475
Nicaragua-Managua-Ciudad_Sandino,0.008175143664850091
Nicaragua-Masaya-Masatepe,0.05394780465484762
Nicaragua-Masaya-Nindiri,0.0682081481474503
Nicaragua-Masaya-San_Juan_de_Oriente,0.07277420164273846
Nicaragua-Matagalpa,0.394169125912819
Nicaragua-Nueva_Segovia-Ocotal,1.9552594943284114
Nicaragua-Rivas-Cardenas,0.5711487795518487
Nicaragua-Other,0.9690836314969957
Nicaragua-Rivas,0.2823472163857014
Nicaragua-Masaya,0.09400487201181057
Nicaragua-Carazo,0.002988099224500368
Nicaragua-Granada,0.14456617629353616
Nicaragua-Nueva_Segovia,2.188805405095449
Nicaragua-Jinotega,0.6063164542065788
Panama-Kuna_Yala-Acuatupu,2.787243716624397
Panama-Kuna_Yala-Mulatupu,8.587769400489954
Panama-Kuna_Yala-Ogobsucum,8.587769400489954
Panama-Kuna_Yala-Ustupu,2.498108220819938
Panama-Kuna_Yala-Achutupu,2.787243716624397
Panama-Kuna_Yala-Pto_Obaldia,8.587769400489954
Panama-Kuna_Yala-Playon_Chico,3.7122395073009655
Panama-Kuna_Yala-Nargana,5.253426210716022
Panama-Kuna_Yala-Corazon_de_Jesus,5.253426210716022
Panama-Kuna_Yala-Rio_Azucar,5.366207444359976
Panama-Kuna_Yala-Rio_Sidra,6.4562647508851665
Panama-Kuna_Yala-Carti_Sugdup,8.587769400489954
Panama-Kuna_Yala-Ailigandi,8.587769400489954
Panama-Kuna_Yala-Ailitupu,8.587769400489954
Panama-Kuna_Yala-Nalugena,8.587769400489954
Panama-Kuna_Yala-Mamitupu,2.733087026364306
Panama-Kuna_Yala-Wichubhula,8.587769400489954
Panama-Kuna_Yala-Soledad_Miria,6.517477990609028
Panama-Kuna_Yala-Soledad_Miriam,6.517477990609028
Panama-Kuna_Yala-Naranjo_Chico,7.1278442908888495
Panama-Metro-Tocumen,7.900786059942737
Panama-Metro-SanFrancisco,8.507920421916145
Panama-Metro-Man_anitas,8.271142398067663
Panama-Metro-Calidonia,8.627815235632134
Panama-Metro-Juan_Diaz,8.162454700819437
Panama-Metro-Parque_Lefevre,8.421686437112006
Panama-Metro-Santa_Ana,8.641748550780024
Panama-Metro-Rio_Abajo,8.525785659185722
Panama-Metro-Pueblo_Nuevo,8.578841154160349
Panama-Metro-Chorrillo,8.648915522021134
Panama-Metro-Bella_Vista,8.593043602426993
Panama-Metro-Bethania,8.663928436896013
Panama-Metro-Ancon,9.23986371892993
Panama-Metro-San_Felipe,8.600099720114107
Panama-Metro-Pedregal,8.350109478561647
Panama-Metro-24_de_Diciembre,7.914685587354432
Panama-Metro-Clayton,8.915712683831385
Panama-Metro-Costa_del_Este,8.328128570049953
Panama-Metro-Taboga,8.467181397527012
Panama-Metro-Las_Garzas,8.594151001332715
Panama-Metro-Arnulfo_Arias,8.513773168591731
Panama-Metro-Gamboa,9.833398035879393
Panama-Metro-Veracruz,9.100977494346681
Panama-Panama_Oeste-Gorgona,10.078944041384421
Panama-Panama_Oeste-Guadalupe,1.7255320754899934
Panama-Panama_Oeste-Arraija_n,9.191546112174011
Panama-Panama_Oeste-La_Chorrera,9.876610401071085
Panama-Panama_Oeste-Playa_Leona,9.768877376982696
Panama-Panama_Oeste-El_Coco,10.080131840970584
Panama-Panama_Oeste-La_Mitra,9.86597620684036
Panama-Panama_Oeste-Vista_Alegre,9.504693559360613
Panama-Panama_Norte-las_cumbres,8.936406520878844
Panama-Panama_Norte-Chilibre,9.459720259428941
Panama-Panama_Norte-Ernesto_Cordoba,8.680260897131747
Panama-Colon-Salamanca,9.740519704920583
Panama-Colon-San_Juan,9.883220806401926
Panama-San_Miguelito-Villas_del_Golf,12.17879232136872
Panama-San_Miguelito-San_Jose,5.716626865264082
Panama-San_Miguelito-Quintas_de_Montichello,8.387612727567323
Panama-San_Miguelito-Mano_de_Piedra,10.808662524265962
Panama-San_Miguelito-Samaria,8.555506892281176
Panama-San_Miguelito-Altos_de_Panama,8.708839258835187
Panama-San_Miguelito-Camino_Real,8.280885035122736
Panama-San_Miguelito-Condado_del_Rey,8.67469471423701
Panama-San_Miguelito-Villa_Lucre,8.495955967656192
Panama-San_Miguelito-Brisas_del_Golf,8.400117897044755
Panama-San_Miguelito-Victoriano_Lorenzo,8.572100804291589
Panama-San_Miguelito-Omar_Torrijos,8.702726315881943
Panama-San_Miguelito-Ojo_de_Agua,9.211403348847258
Panama-San_Miguelito-Villa_Guadalupe,8.499765933438745
Panama-San_Los_Santos-La_Villa,12.518977848546658
Panama-Darien-Rio_Congo,2.77983923173698
Panama-Herrera-Chitre,12.270303296035754
Panama-Sin_Especificar,8.587769400489954
Panama-San_Miguelito,8.513876434866917
Panama-Chiriqui,2.118752447634924
Panama-Kuna_Yala,3.426224869785215
Panama-Metro,8.617857261669403
Panama-P_Oeste,10.325893318618428
Panama-Costa_del_Este,8.328128570049953
Panama-P.Este-Las_Margaritas,11.334801753779383
Panama-Veraguas-Santiago,8.711004109423902
Panama-Darien,1.2785918548189126
Panama-Herrera,10.954641395854159
Panama-Ngabe_Bugle,4.048072034183357
Panama-Veraguas,8.101069182347427
Panama-Panama_Norte,8.635749419450988
Panama-Importados,8.571907909577355
Panama-Panama_Este,8.561965437596738
Panama-Bocas_del_Toro,0.9721746263881013
Panama-Panama_Oeste,8.587769400489954
Panama-Los_Santos,13.478666359497007
Panama-Bocas_del_Toro-Bastimento,1.8594811829732059
Panama-Bocas_del_Toro-Bocas_del_Toro,0.9721746263881013
Panama-Cocle,10.656431260031209
Panama-Cocle-Rio_Hato,11.51868760548508
Panama-Colon,11.633859018580699
Panama-SD,8.587769400489954
United_States-Puerto_Rico,0.007559410570000683
United_States-Alabama,34.287117168750015
United_States-Arizona,46.553958331276284
United_States-Arkansas,7.144736807855594
United_States-California,0.02815581652936428
United_States-Colorado,52.18214067871331
United_States-Connecticut,21.18214670790951
United_States-Delaware,1.293746796422256
United_States-District_of_Columbia,0.010425219697780631
United_States-Florida,0.9054140225529985
United_States-Georgia,15.60036079764843
United_States-Illinois,0.2539485289008954
United_States-Indiana,7.421400161698377
United_States-Iowa,14.224097680810223
United_States-Idaho,76.22465029287903
United_States-Kansas,7.47618021036625
United_States-Kentucky,14.267386406942622
United_States-Louisiana,33.91696880171467
United_States-Maine,94.35363850195631
United_States-Maryland,0.25232281082346003
United_States-Massachusetts,39.62316940711329
United_States-Michigan,25.17657155915697
United_States-Minnesota,68.65840925944906
United_States-Mississippi,39.41964960319135
United_States-Missouri,8.355121378513948
United_States-Montana,187.38634992535987
United_States-Nebraska,29.7509838097304
United_States-Nevada,14.22373179480859
United_States-New_Hampshire,45.93664923628474
United_States-New_Jersey,6.73913838683188
United_States-New_Mexico,6.62653894169407
United_States-New_York,11.30399639462994
United_States-North_Carolina,4.2518273026637505
United_States-North_Dakota,124.71691008359642
United_States-Ohio,16.31524285495546
United_States-Oklahoma,2.5210683990826155
United_States-Oregon,43.67546058121043
United_States-Pennsylvania,4.664576427936645
United_States-Puerto_Rico,0.007559410570000683
United_States-Rhode_Island,31.851066124457155
United_States-South_Carolina,11.214385650461264
United_States-South_Dakota,55.91294840675063
United_States-Tennessee,16.587669943652976
United_States-Texas,19.60557919469304
United_States-US_Virgin_Islands,1.109178367450005
United_States-Utah,73.93957023506275
United_States-Vermont,53.29343190641022
United_States-Virginia,2.52335595358121
United_States-Washington,109.07965185771265
United_States-West_Virginia,2.164972126413195
United_States-Wyoming,121.21633142123619
United_States-Wisconsin,10.857193347212917
United_States-Florida-Alachua_County,2.2426282852538564
United_States-Florida-Baker_County,4.7877043297743125
United_States-Florida-Bay_County,12.54849999999998
United_States-Florida-Bradford_County,9.235205265491075
United_States-Florida-Brevard_County,8.324457789593458
United_States-Florida-Broward_County,7.418142307440981
United_States-Florida-Calhoun_County,26.184656059906658
United_States-Florida-Charlotte_County,3.701238994404495
United_States-Florida-Citrus_County,0.48263952531533144
United_States-Florida-Clay_County,0.19349019349321808
United_States-Florida-Collier_County,4.650981152947572
United_States-Florida-Columbia_County,10.01790211511552
United_States-Florida-DeSoto_County,13.427554488766482
United_States-Florida-Dixie_County,7.474836131336253
United_States-Florida-Duval_County,5.783676094049664
United_States-Florida-Escambia_County,27.208241919232673
United_States-Florida-Flagler_County,3.353680678710716
United_States-Florida-Franklin_County,12.790045581379712
United_States-Florida-Gadsden_County,32.13320790470602
United_States-Florida-Gilchrist_County,41.46145457014818
United_States-Florida-Glades_County,2.7921829901014936
United_States-Florida-Gulf_County,9.439953445566264
United_States-Florida-Hamilton_County,16.345398446760928
United_States-Florida-Hardee_County,0.6366440851033266
United_States-Florida-Hendry_County,3.683914036794095
United_States-Florida-Hernando_County,18.36780573549221
United_States-Florida-Highlands_County,11.268434042342065
United_States-Florida-Hillsborough_County,0.04153473577613271
United_States-Florida-Holmes_County,13.5464417332878
United_States-Florida-IndianRiver_County,3.3334008419708185
United_States-Florida-Jackson_County,32.857409857289454
United_States-Florida-Jefferson_County,16.811121992425935
United_States-Florida-Lafayette_County,42.377960380389425
United_States-Florida-Lake_County,3.0601433288890276
United_States-Florida-Lee_County,0.010686955480999034
United_States-Florida-Leon_County,7.304014940785544
United_States-Florida-Levy_County,1.2154802518462495
United_States-Florida-Liberty_County,3.652755649003744
United_States-Florida-Madison_County,6.97601081826493
United_States-Florida-Manatee_County,0.26326207220125
United_States-Florida-Marion_County,10.186235726594813
United_States-Florida-Martin_County,7.089820626388676
United_States-Florida-Miami_Dade_County,8.343030179602104
United_States-Florida-Monroe_County,19.214056357180276
United_States-Florida-Nassau_County,12.890227746841271
United_States-Florida-Okaloosa_County,21.089386979396828
United_States-Florida-Okeechobee_County,3.0536995326138707
United_States-Florida-Orange_County,0.09391837607089565
United_States-Florida-Osceola_County,36.370222254154086
United_States-Florida-PalmBeach_County,7.283466412186434
United_States-Florida-Pasco_County,84.65309063627204
United_States-Florida-Pinellas_County,0.11176784782841429
United_States-Florida-Polk_County,0.5331888272888973
United_States-Florida-Putnam_County,31.3083588237103
United_States-Florida-SantaRosa_County,1.2634354900470497
United_States-Florida-Sarasota_County,0.41916809938137795
United_States-Florida-Seminole_County,0.12937333255111688
United_States-Florida-StJohns_County,1.4791597354329942
United_States-Florida-StLucie_County,3.928015576694713
United_States-Florida-Sumter_County,10.349060588415652
United_States-Florida-Suwannee_County,4.189467965316615
United_States-Florida-Taylor_County,33.463220600254814
United_States-Florida-Union_County,70.59470784501897
United_States-Florida-Volusia_County,2.8583929973261344
United_States-Florida-Wakulla_County,6.3193708817112295
United_States-Florida-Walton_County,15.872634706630135
United_States-Florida-Washington_County,109.07965185771265
United_States_Virgin_Islands,1.109178367450005
United_States_Virgin_Islands-Saint_Thomas,1.115063375061397
United_States_Virgin_Islands-Saint_Croix,1.2619440028908901
United_States_Virgin_Islands-Saint_John,1.5576162031251852
